Date,Accident_Index_x,Location_Easting_OSGR,Location_Northing_OSGR,Longitude,Latitude,Police_Force,Accident_Severity,Number_of_Vehicles,Number_of_Casualties,Day_of_Week,Time,Local_Authority_(District),Local_Authority_(Highway),1st_Road_Class,1st_Road_Number,Road_Type,Speed_limit,Junction_Detail,Junction_Control,2nd_Road_Class,2nd_Road_Number,Pedestrian_Crossing-Human_Control,Pedestrian_Crossing-Physical_Facilities,Light_Conditions,Weather_Conditions,Road_Surface_Conditions,Special_Conditions_at_Site,Carriageway_Hazards,Urban_or_Rural_Area,Did_Police_Officer_Attend_Scene_of_Accident,LSOA_of_Accident_Location,Accident_Index_y,Vehicle_Reference,Casualty_Reference,Casualty_Class,Sex_of_Casualty,Age_of_Casualty,Age_Band_of_Casualty,Casualty_Severity,Pedestrian_Location,Pedestrian_Movement,Car_Passenger,Bus_or_Coach_Passenger,Pedestrian_Road_Maintenance_Worker,Casualty_Type,Casualty_Home_Area_Type,city
2015-01-12,201550GP2D002,177045.0,33757.0,-5.123003,50.161832,50,2,2,1,2,17:40,596,E06000052,3,39,6,60,0,-1,-1,0,0,0,6,2,2,0,0,1,1,E01018834,2012370168812,1,1,1,2,17,4,3,0,0,0,0,0,9,2,
2015-01-12,201501QK50065,517550.0,186220.0,-0.30557,51.562617,1,3,2,1,2,19:50,28,E09000005,3,4088,6,30,8,4,6,0,0,4,4,2,2,0,0,1,1,E01000564,201201MM70771,1,1,1,1,24,5,2,0,0,0,0,0,3,-1,London
2015-01-12,201543P123015,447860.0,215619.0,-1.306785,51.837136,43,3,2,4,2,19:13,481,E10000025,3,4260,6,50,3,4,6,0,0,0,6,2,2,0,0,1,1,E01028498,2012230056612,1,1,1,1,30,6,3,0,0,0,0,0,9,1,Cherwell
2015-01-12,201550BU2L001,222646.0,106276.0,-4.519706,50.828782,50,3,2,1,2,07:40,596,E06000052,3,39,6,30,0,-1,-1,0,0,0,1,5,2,0,2,2,1,E01018960,2012360066893,1,1,1,1,37,7,3,0,0,0,0,0,5,1,
2015-01-12,201550DE2O005,294548.0,91825.0,-3.495084,50.716456,50,3,2,1,2,16:40,581,E10000008,6,0,6,30,3,4,6,0,0,8,4,2,2,0,0,1,1,E01020014,2012360068190,1,1,1,2,60,9,3,0,0,0,0,0,9,-1,Exeter
2015-01-12,201520H000285,401170.0,298090.0,-1.984166,52.580621,20,3,2,1,2,13:38,307,E08000030,6,0,6,30,3,4,6,0,0,0,1,5,2,0,0,1,1,E01010371,201211NF22702,2,2,2,2,15,3,3,0,0,1,0,0,9,1,
2015-01-12,201543R159015,497434.0,179943.0,-0.597404,51.510025,43,3,1,1,2,17:00,473,E06000039,6,7302,2,30,3,4,6,7302,0,0,7,1,1,0,0,1,3,E01032730,2012233566412,2,1,1,1,50,8,3,0,0,0,0,0,1,1,
2015-01-12,201520N007525,411060.0,292000.0,-1.838413,52.525764,20,3,2,2,2,11:05,300,E08000025,3,5127,3,30,0,-1,-1,0,0,4,1,2,2,0,0,1,2,E01009007,2012120056747,1,1,1,1,24,5,3,0,0,0,0,0,9,2,Birmingham
2015-01-12,201501PY20031,540410.0,165840.0,0.015926,51.374261,1,3,2,1,2,17:40,19,E09000006,6,0,6,30,3,4,6,0,0,0,4,2,2,0,0,1,1,E01000765,201201LX50487,1,2,3,1,74,10,3,1,9,0,0,2,0,1,London
2015-01-12,201550CB2N002,262141.0,130219.0,-3.968368,51.05472,50,2,1,2,2,22:10,582,E10000008,6,0,6,30,3,4,6,0,0,0,4,1,2,0,0,2,1,E01020121,2012360067142,2,2,1,2,22,5,3,0,0,0,0,0,9,3,North Devon
2015-01-12,2015170S20115,450839.0,522515.0,-1.214681,54.59527,17,2,3,1,2,06:40,245,E06000004,3,178,3,70,0,-1,-1,0,0,0,4,5,2,0,0,2,1,E01012198,2012100556712,2,1,1,2,59,9,3,0,0,0,0,0,9,1,
2015-01-12,201501XH30004,507270.0,182440.0,-0.454964,51.530689,1,3,2,1,2,16:56,26,E09000017,3,437,6,30,3,4,6,0,0,0,1,5,2,0,0,1,1,E01002410,201201TB00483,1,1,3,2,9,2,2,5,4,0,0,2,0,1,London
2015-01-12,201501EO40057,529990.0,184700.0,-0.126765,51.54623,1,3,2,1,2,09:02,3,E09000019,3,5200,2,20,8,4,6,0,0,0,1,1,2,0,0,1,1,E01000864,201201CW10084,3,2,1,1,29,6,3,0,0,0,0,0,5,1,London
2015-01-12,201501XD80014,516730.0,180900.0,-0.319157,51.514974,1,3,1,1,2,15:50,27,E09000009,6,0,6,30,0,-1,-1,0,0,0,1,2,2,0,0,1,1,E01001222,201201TA00548,1,1,3,2,35,6,2,4,2,0,0,2,0,1,London
2015-01-12,2015100182315,439327.0,559453.0,-1.387852,54.928219,10,3,2,1,2,03:30,150,E08000024,4,1291,6,30,0,-1,-1,0,0,0,4,1,2,0,0,1,1,E01008713,201205AA06166,1,1,1,2,38,7,3,0,0,0,0,0,9,1,Sunderland
2015-01-12,2015530209301,389203.0,221062.0,-2.158285,51.888008,53,1,2,1,2,22:05,625,E10000013,3,40,3,70,5,4,3,40,0,0,6,5,2,0,0,1,1,E01022427,20124100B0595,1,1,1,2,39,7,3,0,0,0,0,0,9,1,
2015-01-12,201520G000895,391530.0,299470.0,-2.126467,52.59296,20,2,1,1,2,17:35,309,E08000031,3,459,3,40,0,-1,-1,0,0,0,4,8,2,0,0,1,1,E01010528,201211ND17182,3,1,1,2,44,7,3,0,0,0,0,0,9,2,Wolverhampton
2015-01-12,201534NC00605,486256.0,289189.0,-0.730963,52.493801,34,3,2,2,2,10:00,380,E10000021,3,6003,1,60,1,4,3,427,0,0,1,2,2,0,0,1,1,E01026984,2012160D08851,1,1,1,1,50,8,3,0,0,0,0,0,9,2,
2015-01-12,201543S042015,485553.0,236773.0,-0.754581,52.022789,43,3,3,2,2,17:50,479,E06000042,5,156,3,70,0,-1,-1,0,0,0,4,5,2,0,0,1,3,E01016847,201230B000947,2,3,2,1,61,9,3,0,0,1,0,0,9,-1,
2015-01-12,201501QA10052,518270.0,187070.0,-0.294902,51.570106,1,3,2,2,2,16:44,28,E09000005,5,0,6,30,3,4,6,0,0,1,4,2,2,0,0,1,1,E01000575,201201MM70265,1,1,1,1,-1,-1,3,0,0,0,0,0,1,-1,London
2015-01-12,2015331500052,442280.0,315176.0,-1.375309,52.732576,33,3,3,2,2,19:16,366,E10000018,3,511,6,50,0,-1,-1,0,0,4,4,1,2,0,0,2,1,E01025961,2012160C00101,1,1,2,2,13,3,3,0,0,1,0,0,9,3,North West Leicestershire
2015-01-12,201520T007955,409360.0,283610.0,-1.863702,52.45037,20,3,2,1,2,08:50,300,E08000025,3,34,6,30,8,4,6,0,0,4,1,1,1,0,0,1,2,E01033641,2012120121947,2,2,2,2,49,8,3,0,0,1,0,0,9,1,Birmingham
2015-01-12,2015440012881,472462.0,154237.0,-0.962407,51.282674,44,3,1,1,2,17:05,494,E10000014,3,30,6,30,1,4,6,0,0,8,4,1,4,0,0,2,2,E01022884,201230C002359,1,3,2,2,15,3,3,0,0,1,0,0,9,1,Hart
2015-01-12,201550JG2B001,296495.0,78825.0,-3.463876,50.599939,50,3,2,1,2,17:45,585,E10000008,3,379,6,30,3,4,6,0,0,0,4,1,1,0,0,2,1,E01020229,2012370242112,2,3,2,2,20,4,3,0,0,1,0,0,9,2,Teignbridge
2015-01-12,2015440012856,458736.0,161909.0,-1.157927,51.353229,44,3,2,1,2,16:00,490,E10000014,6,0,6,30,3,4,6,0,0,0,4,4,2,0,0,1,1,E01022554,201230C002359,1,2,2,2,13,3,3,0,0,2,0,0,9,1,Basingstoke and Deane
2015-01-12,2015440012014,481724.0,156257.0,-0.829173,51.299582,44,3,2,1,2,06:50,494,E10000014,1,3,3,70,0,-1,-1,0,0,0,6,1,1,0,0,2,1,E01022846,201230C002357,2,2,1,1,50,8,3,0,0,0,0,0,9,1,Hart
2015-01-12,201501QA10065,518240.0,189960.0,-0.294363,51.596086,1,3,2,1,2,23:55,29,E09000015,6,0,7,30,3,4,3,4140,0,0,4,1,1,0,0,1,2,E01002202,201201MM70271,1,3,1,2,22,5,3,0,0,0,0,0,9,1,London
2015-01-12,201501HT20040,538170.0,181030.0,-0.010312,51.51131,1,2,2,3,2,19:39,5,E09000030,3,13,3,30,0,-1,-1,0,0,0,4,2,2,0,0,1,1,E01004219,201201EK40690,1,1,3,2,15,3,3,1,3,0,0,2,0,-1,London
2015-01-12,201501HT20049,534640.0,181610.0,-0.060927,51.517373,1,3,1,1,2,09:00,5,E09000030,5,0,6,30,6,4,6,0,0,0,1,1,1,0,0,1,2,E01004321,201201EK40694,2,1,1,1,17,4,3,0,0,0,0,0,3,-1,London
2015-01-12,201501HT20052,534370.0,181310.0,-0.06493,51.514742,1,3,1,1,2,17:10,5,E09000030,3,13,6,30,3,4,6,0,0,0,4,4,2,0,0,1,1,E01004321,201201EK40696,1,1,1,2,38,7,3,0,0,0,0,0,3,1,London
2015-01-12,201501HT20053,538660.0,180820.0,-0.003338,51.509303,1,3,2,1,2,16:30,5,E09000030,3,1261,3,40,0,-1,-1,0,0,0,4,5,2,0,0,1,1,E01032777,201201EK40697,1,1,3,2,49,8,3,5,1,0,0,2,0,1,London
2015-01-12,201520S005835,402890.0,286850.0,-1.958876,52.479569,20,3,2,1,2,11:31,300,E08000025,6,0,6,30,3,4,6,0,0,0,1,2,2,0,0,1,1,E01009138,2012120081574,1,1,3,2,68,10,3,5,3,0,0,0,0,1,Birmingham
2015-01-12,201501PL60023,535470.0,173030.0,-0.05226,51.440073,1,3,3,1,2,18:30,7,E09000023,3,205,6,30,3,2,4,227,0,5,4,2,2,0,0,1,2,E01003310,201201KG70124,1,2,2,2,22,5,3,0,0,1,0,0,9,-1,London
2015-01-12,2015440012163,466246.0,99752.0,-1.061467,50.793557,44,3,2,1,2,11:50,498,E06000044,3,2030,6,30,0,-1,-1,0,0,5,1,1,2,0,0,1,2,E01017099,201230C002358,1,1,1,2,57,9,3,0,0,0,0,0,9,1,Portsmouth
2015-01-12,201543P076015,461877.0,207402.0,-1.104836,51.761892,43,3,2,2,2,17:22,484,E10000025,1,40,3,70,0,-1,-1,0,0,0,6,2,2,0,0,2,1,E01028647,201222G203175,2,2,1,1,40,7,3,0,0,0,0,0,19,1,South Oxfordshire
2015-01-12,201501FH10033,523070.0,180710.0,-0.227901,51.511922,1,3,1,1,2,17:00,11,E09000013,6,0,6,30,0,-1,-1,0,0,0,4,5,2,0,0,1,2,E01001874,201201CW10994,2,1,1,1,27,6,2,0,0,0,0,0,1,1,London
2015-01-12,201543R103015,488444.0,180569.0,-0.726753,51.517129,43,3,2,1,2,15:22,474,E06000040,6,7408,6,30,8,4,6,0,0,0,1,2,2,0,0,1,1,E01016592,2012233105312,2,2,1,1,23,5,3,0,0,0,0,0,9,1,
2015-01-12,2015331500093,447179.0,316871.0,-1.302521,52.747408,33,3,1,1,2,06:15,362,E10000018,5,7207,6,60,0,-1,-1,0,0,0,6,1,2,0,0,2,1,E01025740,2012160C00341,2,2,1,1,42,7,3,0,0,0,0,0,19,2,North West Leicestershire
2015-01-12,2015331500039,472182.0,292921.0,-0.937408,52.529386,33,3,2,2,2,12:43,363,E10000018,4,6047,6,40,6,4,5,6401,0,0,1,8,2,0,0,2,1,E01025784,2012160B05151,2,2,2,2,68,10,3,0,0,1,0,0,9,2,Harborough
2015-01-12,201543P087015,424227.0,189182.0,-1.651604,51.600962,43,3,2,1,2,22:00,483,E10000025,6,345,6,30,0,-1,-1,0,0,0,4,9,2,0,0,2,2,E01028745,201222G204019,1,1,1,2,19,4,3,0,0,0,0,0,9,1,Vale of White Horse
2015-01-12,201501HT20077,534800.0,181300.0,-0.058741,51.51455,1,3,1,1,2,15:00,5,E09000030,3,13,6,30,3,4,6,0,0,4,1,1,1,0,0,1,2,E01004304,201201EK49018,1,1,1,1,26,6,3,0,0,0,0,0,1,1,London
2015-01-12,201531P014715,450697.0,347651.0,-1.245624,53.023758,31,3,1,1,2,06:20,342,E10000024,1,1,3,70,0,-1,-1,0,0,0,4,1,1,0,1,2,2,E01028123,201214K194312,2,3,2,2,29,6,3,0,0,2,0,0,9,1,Ashfield
2015-01-12,201501FH10034,522290.0,179390.0,-0.239593,51.500228,1,3,2,1,2,19:15,11,E09000013,4,408,6,30,0,-1,-1,0,0,1,4,2,2,0,0,1,1,E01001858,201201CW10996,1,1,2,1,-1,-1,3,0,0,2,0,0,8,-1,London
2015-01-12,2015320002034,503082.0,353820.0,-0.46289,53.071678,32,3,3,2,2,16:45,353,E10000019,3,15,6,60,0,-1,-1,0,0,0,6,1,2,0,0,2,1,E01026179,201214K205012,2,2,1,1,20,4,3,0,0,0,0,0,9,1,North Kesteven
2015-01-12,2015521501215,361361.0,175929.0,-2.557801,51.480988,52,3,2,1,2,17:15,601,E06000023,4,4058,6,30,0,-1,-1,0,0,0,4,2,2,0,0,1,2,E01014575,2012400CA0297,1,1,3,2,41,7,3,5,3,0,0,0,0,1,Bristol
2015-01-12,2015331500037,454470.0,303704.0,-1.196696,52.628369,33,3,1,1,2,07:40,364,E06000016,3,47,6,40,3,4,6,1609,0,8,4,1,2,0,0,1,1,E01013638,2012160B05131,1,1,1,1,26,6,3,0,0,0,0,0,9,1,Leicester
2015-01-12,2015320002025,496214.0,337896.0,-0.570098,52.929859,32,3,2,2,2,18:37,355,E10000019,4,6403,6,60,3,4,5,315,0,0,6,1,2,0,0,2,1,E01026293,201214K205012,1,3,2,2,21,5,3,0,0,1,0,0,9,1,
2015-01-12,201520G001365,391910.0,296370.0,-2.12078,52.565098,20,3,4,2,2,08:40,309,E08000031,3,459,6,30,6,4,6,0,0,0,1,1,1,0,0,1,1,E01010430,201211ND18262,2,1,1,2,37,7,3,0,0,0,0,0,9,2,Wolverhampton
2015-01-12,201501PY20008,539350.0,169370.0,0.002091,51.406243,1,3,1,1,2,15:11,19,E09000006,3,222,6,30,6,2,6,0,0,5,1,2,2,0,0,1,2,E01000677,201201LX50470,2,1,1,1,28,6,3,0,0,0,0,0,3,2,London
2015-01-12,201504SA15021,355370.0,429930.0,-2.678497,53.763797,4,2,1,1,2,16:40,79,E10000017,6,0,6,30,9,4,6,0,0,0,4,1,2,0,0,1,1,E01025297,201201XH30791,1,1,1,2,27,6,3,0,0,0,0,0,9,1,Preston
2015-01-12,2015440012274,452095.0,143639.0,-1.25594,51.189609,44,3,1,1,2,12:57,502,E10000014,3,303,7,70,3,4,6,0,0,0,1,1,1,0,0,2,1,E01023288,201230C002359,1,1,1,1,18,4,3,0,0,0,0,0,9,1,Winchester
2015-01-12,2015320001871,513064.0,375887.0,-0.306179,53.267933,32,3,1,1,2,08:00,356,E10000019,4,1202,6,60,0,-1,-1,0,0,0,1,2,2,0,0,2,1,E01026366,201214K204812,1,1,1,2,18,4,3,0,0,0,0,0,9,1,West Lindsey
2015-01-12,201501PL60011,536500.0,176200.0,-0.036228,51.468312,1,3,2,2,2,08:42,7,E09000023,6,0,6,30,0,-1,-1,0,0,0,1,1,1,0,0,1,1,E01003212,201201KG70116,1,1,2,2,63,9,3,0,0,0,3,0,11,1,London
2015-01-12,201501XD80017,514180.0,179780.0,-0.356252,51.505428,1,3,2,2,2,16:35,27,E09000009,3,4127,3,30,3,4,6,0,0,0,4,2,2,0,0,1,1,E01001339,201201TA00551,1,1,3,2,8,2,2,9,8,0,0,2,0,1,London
2015-01-12,201543R096015,496380.0,179640.0,-0.612669,51.507482,43,3,3,1,2,08:40,473,E06000039,3,355,3,40,0,-1,-1,0,0,0,1,1,1,0,0,1,1,E01016463,2012233097612,2,1,3,1,60,9,3,6,9,0,0,0,0,2,
2015-01-12,201501FH10015,522790.0,179420.0,-0.232382,51.500389,1,3,1,1,2,18:03,11,E09000013,6,0,6,30,3,4,6,0,0,0,4,1,1,0,0,1,1,E01001895,201201CW10976,1,1,1,1,40,7,3,0,0,0,0,0,5,-1,London
2015-01-12,2015331500053,442935.0,292190.0,-1.368589,52.525899,33,3,2,1,2,17:44,361,E10000018,4,4109,1,30,1,4,6,7328,0,8,4,5,2,0,0,1,1,E01025835,2012160C00111,1,1,1,1,29,6,3,0,0,0,0,0,9,3,Hinckley and Bosworth
2015-01-12,201501EO40061,530700.0,185920.0,-0.116079,51.55703,1,3,2,1,2,12:00,3,E09000019,6,0,6,30,0,-1,-1,0,0,0,1,1,2,0,0,1,1,E01002731,201201CW10087,1,1,1,1,38,7,3,0,0,0,0,0,9,1,London
2015-01-12,201501XD80046,511580.0,183090.0,-0.39265,51.535697,1,3,1,1,2,19:00,27,E09000009,6,0,6,30,3,4,6,0,0,0,4,1,2,0,0,1,1,E01001327,201201TA00577,1,1,1,1,39,7,2,0,0,0,0,0,4,1,London
2015-01-12,201506N096149,382080.0,404460.0,-2.271849,53.53648,6,2,1,1,2,20:40,101,E08000002,3,665,6,30,6,4,6,0,0,4,4,1,1,0,0,1,1,E01004973,201204CL12003,2,1,1,1,40,7,2,0,0,0,0,0,1,3,Bury
2015-01-12,2015331500066,453776.0,319534.0,-1.204366,52.77073,33,3,2,2,2,07:55,362,E10000018,3,6,6,30,6,2,4,5350,0,5,4,1,1,0,0,1,1,E01025718,2012160C00191,2,2,2,2,46,8,3,0,0,1,0,0,9,2,Charnwood
2015-01-12,201520N004815,412430.0,295780.0,-1.818079,52.559716,20,3,3,5,2,13:43,300,E08000025,6,0,6,30,3,4,6,0,0,0,1,2,2,0,0,1,1,E01009451,2012120055290,1,1,2,1,68,10,3,0,0,1,0,0,9,1,Birmingham
2015-01-12,201506M096211,379810.0,394520.0,-2.305455,53.447054,6,3,2,1,2,18:09,112,E08000009,6,0,3,40,3,4,3,56,0,0,4,4,2,0,0,1,1,E01006144,201204CJ12146,2,1,2,2,0,1,3,0,0,2,0,0,9,-1,Trafford
2015-01-12,201506N096321,379290.0,406140.0,-2.314056,53.551477,6,3,1,1,2,10:15,101,E08000002,5,0,6,30,3,4,6,0,0,0,1,1,1,0,0,1,2,E01005012,201204CL12006,1,1,1,1,18,4,3,0,0,0,0,0,9,1,Bury
2015-01-12,2015521500696,360421.0,179055.0,-2.571688,51.509029,52,3,2,1,2,18:00,612,E06000025,3,4174,3,40,3,4,6,0,0,0,4,1,2,0,0,1,1,E01014905,2012400CA0102,2,4,2,2,33,6,3,0,0,2,0,0,9,1,Bristol
2015-01-12,201501HT20017,536410.0,182520.0,-0.035081,51.525127,1,3,1,1,2,17:56,5,E09000030,3,1205,3,30,6,2,3,11,0,5,4,2,2,0,0,1,1,E01004232,201201EK40677,1,1,3,1,-1,-1,3,6,9,0,0,2,0,3,London
2015-01-12,201520S008045,404990.0,278170.0,-1.928083,52.401521,20,3,1,3,2,16:02,300,E08000025,6,0,6,30,6,4,6,0,0,0,1,2,2,0,0,1,1,E01009107,2012120082964,1,1,1,1,27,6,3,0,0,0,0,0,1,1,Birmingham
2015-01-12,201501XD80131,520030.0,180370.0,-0.271803,51.509519,1,3,2,1,2,16:30,27,E09000009,6,0,6,30,3,4,6,0,0,0,4,2,2,0,0,1,1,E01001202,201201TA00649,1,1,3,1,34,6,2,5,3,0,0,2,0,1,London
2015-01-12,201520K003095,396460.0,290770.0,-2.053594,52.514804,20,3,1,1,2,11:42,305,E08000028,6,0,6,30,3,4,3,4033,0,0,1,4,2,0,0,1,1,E01010016,201211SJ01872,2,1,2,2,60,9,3,0,0,0,4,0,11,1,Sandwell
2015-01-12,2015320002318,492444.0,368795.0,-0.617301,53.208193,32,3,2,1,2,18:15,352,E10000019,3,46,1,60,1,4,4,1190,0,0,4,1,-1,0,0,2,1,E01026163,201214K205912,1,1,3,2,77,11,2,5,2,0,0,0,0,1,Lincoln
2015-01-12,2015530209230,378289.0,218923.0,-2.316727,51.868456,53,3,1,1,2,16:30,625,E10000013,3,40,6,50,0,-1,-1,0,0,0,1,2,2,0,0,2,1,E01022444,20124100B0477,2,1,1,1,39,7,3,0,0,0,0,0,1,1,
2015-01-12,201501XD80025,511610.0,184390.0,-0.391806,51.547375,1,3,2,1,2,13:40,27,E09000009,3,40,3,40,0,-1,-1,0,0,0,1,1,1,0,0,1,1,E01001326,201201TA00557,2,1,1,1,45,7,2,0,0,0,0,0,1,1,London
2015-01-12,201520K002135,402660.0,287280.0,-1.96226,52.483435,20,3,2,1,2,08:40,305,E08000028,6,0,6,30,0,-1,-1,0,0,0,1,1,1,0,0,1,2,E01010059,201211SJ00132,1,2,2,1,8,2,3,0,0,2,0,0,9,1,Sandwell
2015-01-12,2015440012882,438288.0,115752.0,-1.45644,50.939946,44,3,1,1,2,21:00,500,E06000045,3,3057,6,30,0,-1,-1,0,0,0,4,5,2,0,0,2,1,E01017241,201230C002360,1,1,1,1,47,8,2,0,0,0,0,0,9,1,Test Valley
2015-01-12,201520J001715,391820.0,293820.0,-2.122044,52.542172,20,3,2,1,2,01:59,303,E08000027,3,459,6,30,3,4,3,463,0,0,4,4,2,0,0,1,1,E01009773,201211NI24152,2,1,1,1,60,9,3,0,0,0,0,0,3,2,
2015-01-12,2015440011824,448581.0,117464.0,-1.309728,50.954566,44,3,1,1,2,07:30,491,E10000014,6,0,6,60,0,-1,-1,0,0,0,6,1,2,7,0,2,1,E01022686,201230C002356,1,1,1,1,54,8,3,0,0,0,0,0,9,1,Eastleigh
2015-01-12,201501QK50012,523030.0,184510.0,-0.227151,51.546082,1,3,2,1,2,18:00,28,E09000005,5,0,6,30,3,4,5,0,0,0,4,2,2,0,0,1,1,E01000488,201201MM70733,2,1,1,1,40,7,3,0,0,0,0,0,1,1,London
2015-01-12,201501PL60020,535290.0,173760.0,-0.054569,51.446676,1,3,1,1,2,18:11,7,E09000023,5,0,6,30,0,-1,-1,0,0,5,4,1,1,0,0,1,1,E01003260,201201KG70122,2,2,2,2,-1,-1,3,0,0,1,0,0,9,1,London
2015-01-12,2015320002306,526530.0,323846.0,-0.12478,52.797346,32,3,2,1,2,08:00,354,E10000019,3,151,1,40,1,4,3,16,0,0,4,4,1,0,0,2,2,E01026270,201214K205412,1,2,2,1,16,4,3,0,0,1,0,0,9,1,South Holland
2015-01-12,2015520501001,363123.0,129116.0,-2.527585,51.06019,52,3,1,1,2,18:30,610,E10000027,3,359,6,50,0,-1,-1,0,0,0,6,5,2,7,0,2,1,E01029166,2012370468412,2,1,1,1,19,4,2,0,0,0,0,0,5,3,South Somerset
2015-01-12,2015520501004,293591.0,140003.0,-3.522717,51.149363,52,2,2,2,2,17:10,609,E10000027,3,396,6,60,3,4,6,0,0,0,6,2,2,0,0,2,1,E01029325,2012370468512,2,2,2,2,68,10,3,0,0,1,0,0,9,3,Somerset West and Taunton
2015-01-12,2015520501008,348635.0,137901.0,-2.735555,51.138063,52,3,3,2,2,08:30,606,E10000027,3,361,6,40,3,4,6,0,0,0,1,4,2,0,0,2,1,E01029051,2012370468612,1,1,1,2,28,6,3,0,0,0,0,0,9,3,Mendip
2015-01-12,201501XD80015,514530.0,182260.0,-0.350406,51.527647,1,3,1,1,2,18:40,27,E09000009,6,0,6,30,0,-1,-1,0,0,0,4,5,2,0,0,1,1,E01001261,201201TA00550,2,1,1,1,33,6,2,0,0,0,0,0,1,-1,London
2015-01-12,2015120008926,457765.0,452383.0,-1.121015,53.96431,12,3,2,1,2,18:00,189,E06000014,3,59,6,30,7,2,5,285,0,5,4,1,1,0,0,1,2,E01013392,201205FF05423,1,1,1,1,26,6,3,0,0,0,0,0,1,1,York
2015-01-12,201501XD80021,514800.0,183570.0,-0.346089,51.539366,1,3,2,1,2,08:34,27,E09000009,6,0,6,30,3,1,6,0,0,0,1,1,1,0,0,1,1,E01001272,201201TA00556,1,1,3,1,29,6,2,5,1,0,0,2,0,1,London
2015-01-12,201501GD10028,532900.0,184270.0,-0.084986,51.541689,1,3,2,1,2,19:19,4,E09000012,6,0,1,30,2,4,4,102,0,0,4,2,2,0,0,1,1,E01002718,201201CW11669,2,1,1,2,21,5,3,0,0,0,0,0,3,1,London
2015-01-12,2015520500507,381375.0,154070.0,-2.268447,51.285459,52,3,2,4,2,08:26,606,E10000027,3,361,6,40,3,4,6,0,0,0,1,2,2,0,0,2,1,E01029022,2012370458312,2,2,1,1,19,4,3,0,0,0,0,0,9,3,Mendip
2015-01-12,2015540386515,414183.0,131210.0,-1.79891,51.080039,54,2,1,1,2,15:58,635,E06000054,5,42,6,30,0,-1,-1,0,0,0,1,2,2,0,0,1,1,E01032019,20124100D0538,4,3,1,1,65,9,3,0,0,0,0,0,5,1,Salisbury
2015-01-12,201514B003415,434098.0,406312.0,-1.486804,53.552336,14,3,2,1,2,17:17,210,E08000016,6,0,6,30,1,4,3,628,0,0,4,1,1,0,0,1,2,E01007340,2012070170289,3,3,1,2,28,6,2,0,0,0,0,0,9,1,
2015-01-12,201501KD50034,551110.0,182800.0,0.176778,51.523904,1,3,2,1,2,06:25,15,E09000016,3,1306,3,30,3,4,6,0,0,0,4,1,1,0,0,1,1,E01002368,201201HT20143,1,1,3,2,-1,-1,3,5,1,0,0,2,0,-1,London
2015-01-12,2015621500081,312589.0,170900.0,-3.258752,51.430336,62,3,2,1,2,15:01,746,W06000014,3,4231,1,30,1,4,3,4050,0,0,1,1,2,0,0,2,1,W01001072,201242I257408,2,1,1,2,22,5,3,0,0,0,0,0,9,1,
2015-01-12,201501JC30202,538350.0,186200.0,-0.00569,51.557723,1,3,2,2,2,15:45,13,E09000031,6,0,6,20,0,-1,-1,0,0,0,1,2,2,0,0,1,2,E01004376,201201FH10446,1,1,3,1,52,8,3,1,1,0,0,2,0,-1,London
2015-01-12,2015621500078,299203.0,192824.0,-3.457522,51.625175,62,3,2,2,2,15:36,744,W06000016,6,0,6,30,3,4,6,0,0,1,1,2,2,0,0,1,1,W01001247,201242I257108,2,1,1,2,69,10,3,0,0,0,0,0,9,1,
2015-01-12,2015621500077,302108.0,185397.0,-3.413496,51.55893,62,3,2,2,2,14:09,744,W06000016,6,0,1,60,1,4,3,4119,0,0,1,2,2,0,0,2,1,W01001250,201242I257008,2,1,1,1,45,7,2,0,0,0,0,0,1,1,
2015-01-12,2015051500109,331412.0,388097.0,-3.03267,53.385243,5,3,2,4,2,07:07,95,E08000015,3,552,3,30,6,2,6,0,2,5,4,2,2,0,0,1,1,E01007130,201201ZD30682,2,1,1,1,48,8,3,0,0,0,0,0,1,1,
2015-01-12,2015215000348,414888.0,311284.0,-1.781129,52.699031,21,3,2,3,2,15:35,252,E10000028,3,38,3,70,0,-1,-1,0,0,0,1,5,2,0,0,2,1,E01029530,2012130174287,1,1,3,1,35,6,2,4,1,0,0,0,0,1,Lichfield
2015-01-12,2015621500073,318750.0,177718.0,-3.171719,51.492546,62,3,2,1,2,20:41,741,W06000015,3,469,6,30,6,2,4,4261,0,5,4,5,2,0,0,1,1,W01001837,201242I256708,2,5,2,1,3,1,3,0,0,2,0,0,9,1,Cardiff