Date,Accident_Index_x,Location_Easting_OSGR,Location_Northing_OSGR,Longitude,Latitude,Police_Force,Accident_Severity,Number_of_Vehicles,Number_of_Casualties,Day_of_Week,Time,Local_Authority_(District),Local_Authority_(Highway),1st_Road_Class,1st_Road_Number,Road_Type,Speed_limit,Junction_Detail,Junction_Control,2nd_Road_Class,2nd_Road_Number,Pedestrian_Crossing-Human_Control,Pedestrian_Crossing-Physical_Facilities,Light_Conditions,Weather_Conditions,Road_Surface_Conditions,Special_Conditions_at_Site,Carriageway_Hazards,Urban_or_Rural_Area,Did_Police_Officer_Attend_Scene_of_Accident,LSOA_of_Accident_Location,Accident_Index_y,Vehicle_Reference,Casualty_Reference,Casualty_Class,Sex_of_Casualty,Age_of_Casualty,Age_Band_of_Casualty,Casualty_Severity,Pedestrian_Location,Pedestrian_Movement,Car_Passenger,Bus_or_Coach_Passenger,Pedestrian_Road_Maintenance_Worker,Casualty_Type,Casualty_Home_Area_Type,city
2015-01-12,2015100009215,440780.0,555336.0,-1.365762,54.891108,10,3,2,1,2,09:45,150,E08000024,3,1018,6,30,1,4,6,6034,0,0,1,5,2,0,0,1,1,E01008739,2012050523412,1,1,2,2,59,9,3,0,0,1,0,0,9,1,Sunderland
2015-01-12,2015100010915,425252.0,562216.0,-1.607236,54.953954,10,3,1,2,2,11:35,146,E08000020,6,4188,6,30,3,4,6,4198,0,0,1,4,2,0,2,1,1,E01008169,2012050576312,1,1,3,1,66,10,3,5,1,0,0,0,0,1,Gateshead
2015-01-12,201514K009415,433756.0,391652.0,-1.493537,53.420593,14,3,2,1,2,09:30,215,E08000019,3,61,3,40,3,4,6,0,0,0,1,9,1,0,0,1,2,E01008090,2012070291240,1,1,1,1,38,7,2,0,0,0,0,0,1,3,Sheffield
2015-01-12,2015100011615,437067.0,565801.0,-1.422299,54.985433,10,2,1,1,2,15:30,149,E08000023,3,1018,6,30,3,4,6,3142,0,8,1,1,2,0,0,1,2,E01008678,2012050598612,1,1,1,2,21,5,3,0,0,0,0,0,9,1,South Tyneside
2015-01-12,2015160C00111,490381.0,438300.0,-0.628151,53.833108,16,3,2,2,2,10:15,231,E06000011,3,1034,6,60,8,4,6,0,0,0,1,1,2,0,0,2,1,E01012920,2012100170312,1,1,1,1,58,9,2,0,0,0,0,0,5,1,
2015-01-12,2015300011649,442080.0,341970.0,-1.374821,52.973439,30,3,3,3,2,13:30,324,E10000007,3,609,6,30,0,-1,-1,0,0,0,1,5,2,0,0,1,2,E01019701,2012130492831,2,1,1,1,25,5,3,0,0,0,0,0,9,1,Erewash
2015-01-12,2015460258868,615630.0,166520.0,1.095649,51.356812,46,3,2,1,2,13:43,531,E10000016,6,3130,6,30,8,4,-1,-1,0,0,1,4,2,0,0,1,1,E01024065,2012331205552,1,1,1,1,92,11,3,0,0,0,0,0,9,1,
2015-01-12,2015100019215,425729.0,558298.0,-1.600138,54.918723,10,3,3,3,2,11:14,146,E08000020,3,1,3,40,0,-1,-1,0,0,0,1,1,2,0,0,2,1,E01008226,201205AA01104,1,1,1,1,83,11,3,0,0,0,0,0,9,1,Gateshead
2015-01-12,201501VW40018,526310.0,171810.0,-0.184414,51.431223,1,3,2,1,2,17:30,10,E09000032,4,235,1,30,1,4,5,0,0,0,4,1,1,0,0,1,2,E01003475,201201SX20210,1,1,1,2,68,10,3,0,0,0,0,0,9,1,London
2015-01-12,201501SX20019,525600.0,188220.0,-0.188784,51.578857,1,3,1,2,2,14:20,30,E09000003,5,0,6,30,3,4,6,0,0,0,1,2,2,0,0,1,1,E01000212,201201PY20696,1,1,1,1,32,6,3,0,0,0,0,0,9,1,London
2015-01-12,201501SX20001,524490.0,187890.0,-0.204911,51.576138,1,3,1,1,2,17:30,30,E09000003,3,502,6,30,3,4,6,0,0,0,4,2,2,0,0,1,1,E01000220,201201PY20686,1,2,2,1,89,11,3,0,0,1,0,0,9,1,London
2015-01-12,201522C500221,375310.0,257990.0,-2.362827,52.219561,22,2,2,1,2,10:50,273,E10000034,6,0,6,60,0,-1,-1,0,0,0,1,2,2,0,0,2,1,E01032199,2012130252906,2,1,1,2,31,6,3,0,0,0,0,0,9,1,Malvern Hills
2015-01-12,2015555998981,366995.0,79188.0,-2.467823,50.611464,55,3,1,1,2,17:15,646,E10000009,6,0,6,30,0,-1,-1,0,0,4,4,2,2,0,0,1,1,E01020572,201242I063403,2,1,1,2,23,5,3,0,0,0,0,0,9,1,
2015-01-12,201501MM70002,534750.0,175680.0,-0.061604,51.464058,1,3,2,1,2,20:59,8,E09000028,3,2214,6,30,3,4,6,0,0,0,4,2,2,0,0,1,1,E01004064,201201KF60051,2,1,1,1,32,6,2,0,0,0,0,0,3,1,London
2015-01-12,201501MM70016,532460.0,177930.0,-0.093707,51.484818,1,3,1,1,2,17:10,8,E09000028,3,215,6,30,3,4,6,0,0,1,4,2,2,0,0,1,1,E01003969,201201KF60054,2,2,1,2,55,8,3,0,0,0,0,0,9,1,London
2015-01-12,2015471500294,531342.0,105392.0,-0.136258,50.833168,47,3,2,1,2,07:50,565,E06000043,3,23,2,20,0,-1,-1,0,0,0,1,4,2,0,0,1,2,E01016964,201234WN03332,2,2,2,1,-1,-1,3,0,0,2,0,0,8,-1,Brighton
2015-01-12,2015360087080,621728.0,310282.0,1.276048,52.644934,36,2,1,1,2,17:30,404,E10000020,3,1024,6,30,0,-1,-1,0,0,4,4,1,1,0,0,1,2,E01026828,201220K006712,1,1,3,2,60,9,2,6,9,0,0,0,0,1,Norwich
2015-01-12,20154100C0037,508460.0,196150.0,-0.433583,51.653687,41,3,2,1,2,11:08,436,E10000015,6,315,6,30,3,4,6,492,0,0,1,1,1,0,0,1,1,E01023824,2012212000735,2,3,2,1,42,7,3,0,0,0,0,0,19,-1,Three Rivers
2015-01-12,20154100E0014,524240.0,225850.0,-0.19497,51.917326,41,3,1,1,2,08:25,435,E10000015,6,60,9,30,0,-1,-1,0,0,0,1,8,2,0,0,1,2,E01023777,2012212001808,2,1,1,1,47,8,3,0,0,0,0,0,9,1,Stevenage
2015-01-12,201522C500327,382420.0,263300.0,-2.259031,52.267574,22,3,2,1,2,16:26,273,E10000034,3,4133,6,60,0,-1,-1,0,0,0,1,2,2,0,0,2,1,E01032181,2012130253448,3,3,2,2,67,10,2,0,0,1,0,0,9,3,Malvern Hills
2015-01-12,2015075010381,339060.0,362457.0,-2.912778,53.155741,7,3,1,1,2,12:20,130,E06000050,3,483,3,60,1,2,3,55,0,0,1,1,2,0,0,2,1,E01018335,201204DL12029,2,2,1,1,88,11,3,0,0,0,0,0,9,1,Chester
2015-01-12,201522C500331,384000.0,252850.0,-2.235381,52.173674,22,3,2,2,2,20:30,276,E10000034,3,449,6,30,1,4,4,4206,0,0,4,2,2,0,0,1,1,E01032290,2012130253908,1,1,3,1,39,7,3,6,7,0,0,0,0,1,Worcester
2015-01-12,20151321C0395,415793.0,430648.0,-1.761863,53.771936,13,3,2,1,2,10:10,200,E08000032,3,641,3,30,6,2,3,6177,0,5,1,2,2,0,0,1,1,E01010745,201206F068183,1,1,3,1,51,8,2,1,1,0,0,0,0,1,Bradford
2015-01-12,201501VW40016,526870.0,169670.0,-0.177128,51.411866,1,3,2,1,2,20:35,22,E09000024,3,236,6,30,0,-1,-1,0,0,0,4,2,2,0,0,1,2,E01003407,201201SX20208,1,1,1,2,29,6,3,0,0,0,0,0,9,1,London
2015-01-12,201501VW40015,522730.0,168470.0,-0.237041,51.401992,1,3,2,2,2,09:27,22,E09000024,4,282,6,30,3,4,6,0,0,0,1,1,1,0,0,1,1,E01003471,201201SX20206,1,1,1,2,45,7,3,0,0,0,0,0,9,1,London
2015-01-12,201501SX20024,520290.0,192410.0,-0.263942,51.617671,1,3,1,1,2,17:44,30,E09000003,6,0,6,30,3,4,3,5100,0,0,4,2,2,0,0,1,1,E01000227,201201PY20703,1,1,1,2,23,5,3,0,0,0,0,0,9,3,London
2015-01-12,201501RG40332,540490.0,176960.0,0.02148,51.474166,1,3,2,2,2,20:55,6,E09000011,3,2,6,30,3,2,3,2213,0,5,1,1,1,0,0,1,1,E01001583,201201PL60755,2,1,1,1,60,9,3,0,0,0,0,0,4,3,London
2015-01-12,201542I023801,544541.0,208212.0,0.092645,51.753956,42,2,1,1,2,05:30,457,E10000012,3,1169,6,40,0,-1,-1,0,0,0,4,8,1,0,0,1,2,E01021869,2012212005594,1,3,2,1,40,7,3,0,0,2,0,0,9,-1,
2015-01-12,201531A003215,457878.0,362985.0,-1.135821,53.160853,31,3,1,1,2,15:05,344,E10000024,6,0,6,30,0,-1,-1,0,0,0,1,1,2,0,0,1,2,E01028238,201214A159912,1,1,1,1,22,5,3,0,0,0,0,0,9,1,Mansfield
2015-01-12,2015075010142,383934.0,378408.0,-2.242538,53.302374,7,2,2,1,2,07:48,129,E06000049,4,5359,6,30,0,-1,-1,0,0,0,4,1,2,0,0,1,1,E01018572,201204DL12027,1,2,3,2,19,4,3,6,9,0,0,0,0,1,
2015-01-12,2015300011636,445960.0,357040.0,-1.314903,53.108577,30,3,3,2,2,07:50,321,E10000007,3,38,3,70,0,-1,-1,0,0,0,5,2,2,0,0,2,1,E01019513,2012130492660,2,2,1,1,33,6,3,0,0,0,0,0,9,1,Bolsover
2015-01-12,2015300011634,440030.0,367890.0,-1.402127,53.206578,30,3,2,1,2,20:00,327,E10000007,4,6038,6,40,0,-1,-1,0,0,0,4,2,2,0,0,2,2,E01019796,2012130492638,1,1,1,1,70,10,3,0,0,0,0,0,9,1,North East Derbyshire
2015-01-12,2015300011632,444950.0,372840.0,-1.327774,53.250678,30,3,2,2,2,19:20,322,E10000007,1,1,3,70,0,-1,-1,0,0,0,6,1,1,4,0,2,1,E01019549,2012130492608,1,1,3,1,29,6,2,5,3,0,0,0,0,1,Chesterfield
2015-01-12,2015100023715,430868.0,579097.0,-1.517732,55.105329,10,3,2,1,2,08:40,139,E06000048,3,1061,6,40,3,2,6,9524,0,5,1,1,2,0,0,2,1,E01027440,201205AA01214,1,1,3,2,41,7,2,5,1,0,0,0,0,1,
2015-01-12,201504SC15022,354550.0,414280.0,-2.688635,53.623073,4,3,2,1,2,08:30,73,E10000017,1,6,3,70,0,-1,-1,0,0,0,1,1,2,0,0,2,1,E01024924,201201YE80730,1,1,1,2,46,8,3,0,0,0,0,0,9,1,Chorley
2015-01-12,2015300011622,431700.0,337470.0,-1.529825,52.933701,30,3,2,1,2,07:24,320,E10000007,3,52,6,40,3,4,6,0,0,0,6,1,2,0,0,2,1,E01019472,2012130492545,1,1,1,2,31,6,3,0,0,0,0,0,9,1,Amber Valley
2015-01-12,2015075010308,392338.0,373576.0,-2.116315,53.25913,7,3,1,1,2,11:24,129,E06000049,3,537,6,30,0,-1,-1,0,0,0,1,2,2,0,0,1,1,E01018626,201204DL12028,2,1,1,2,34,6,3,0,0,0,0,0,9,1,
2015-01-12,201501VW40011,525240.0,170440.0,-0.200282,51.419148,1,3,1,1,2,17:53,22,E09000024,3,219,6,30,3,4,5,0,0,0,4,2,2,0,0,1,1,E01003358,201201SX20201,1,1,1,2,22,5,3,0,0,0,0,0,9,-1,London
2015-01-12,2015100030215,403750.0,563953.0,-1.942954,54.970183,10,3,2,1,2,17:14,139,E06000048,3,69,3,70,3,4,5,251,0,0,6,4,2,0,0,2,1,E01027483,201205AA01381,2,1,1,1,65,9,3,0,0,0,0,0,9,1,
2015-01-12,2015360087785,604836.0,295894.0,1.01786,52.522404,36,2,2,1,2,22:30,400,E10000020,3,11,3,70,5,4,3,11,0,0,6,2,2,0,0,2,1,E01026449,201220K009662,1,2,2,1,4,1,3,0,0,0,0,0,1,1,Breckland
2015-01-12,2015160C00741,522376.0,428838.0,-0.145986,53.741567,16,3,1,1,2,14:15,231,E06000011,4,1362,6,60,0,-1,-1,0,0,0,1,1,2,7,0,2,1,E01013028,2012100183012,2,1,1,1,44,7,3,0,0,0,0,0,1,1,
2015-01-12,201501VW40012,524030.0,169480.0,-0.21801,51.410786,1,3,2,1,2,21:13,22,E09000024,3,238,6,30,3,4,5,0,0,0,4,2,2,0,0,1,1,E01003382,201201SX20203,1,1,1,1,51,8,3,0,0,0,0,0,1,1,London
2015-01-12,201501SX20026,523130.0,187720.0,-0.224586,51.574908,1,3,2,2,2,14:20,30,E09000003,6,0,6,30,3,4,6,0,0,4,1,1,1,0,0,1,1,E01000307,201201PY20703,2,2,1,1,29,6,3,0,0,0,0,0,9,1,London
2015-01-12,20151321C0369,422964.0,437587.0,-1.652548,53.834037,13,3,3,1,2,09:44,204,E08000035,3,6120,6,60,0,-1,-1,0,0,0,1,2,2,0,0,2,1,E01011452,201206F068013,2,1,1,1,25,5,3,0,0,0,0,0,1,-1,Leeds
2015-01-12,201504WA15016,342330.0,432080.0,-2.876688,53.781836,4,2,2,1,2,09:29,74,E10000017,6,0,3,30,7,2,6,0,0,0,1,2,2,0,0,1,1,E01025009,201201YR90196,1,3,2,2,27,6,3,0,0,2,0,0,9,1,Fylde
2015-01-12,201542I011301,547384.0,212149.0,0.135472,51.788589,42,3,2,1,2,14:00,457,E10000012,6,0,6,30,3,4,6,0,0,0,1,1,1,0,0,1,2,E01021854,2012212005413,2,1,2,2,28,6,3,0,0,1,0,0,9,1,
2015-01-12,20151321C0306,416399.0,432965.0,-1.752546,53.792743,13,3,1,1,2,09:00,200,E08000032,6,0,6,30,6,2,6,0,0,0,1,2,2,0,0,1,1,E01033690,201206F067959,1,1,3,2,75,10,2,5,9,0,0,0,0,1,Bradford
2015-01-12,201506P096243,386800.0,406430.0,-2.200718,53.554328,6,3,2,4,2,21:45,106,E08000005,6,0,6,30,3,4,6,0,0,0,4,1,2,0,0,1,1,E01005524,201204CL12146,2,2,1,2,18,4,3,0,0,0,0,0,9,1,
2015-01-12,2015460251885,576043.0,169051.0,0.528985,51.393186,46,3,1,1,2,08:30,544,E06000035,3,231,6,40,1,4,3,231,0,4,1,2,2,0,0,1,2,E01032798,201232N140412,1,1,1,1,49,8,3,0,0,0,0,0,11,1,
2015-01-12,201501YR90016,532340.0,189210.0,-0.091199,51.586213,1,3,1,1,2,17:13,31,E09000014,6,0,6,30,3,4,3,504,0,0,1,5,2,0,0,1,1,E01002084,201201TX20118,2,4,2,1,30,6,3,0,0,1,0,0,9,1,London
2015-01-12,2015460251869,597570.0,159450.0,0.832697,51.299881,46,3,3,1,2,07:55,540,E10000016,1,2,3,70,0,-1,-1,0,0,0,1,2,2,0,0,2,1,E01024565,201232N139812,1,1,1,1,22,5,3,0,0,0,0,0,9,-1,Swale
2015-01-12,2015030000072,360720.0,527750.0,-2.610167,54.643323,3,3,3,1,2,17:40,64,E10000006,3,66,3,70,5,4,6,0,0,0,6,1,2,0,0,2,1,E01019319,201201WW50508,2,1,1,1,36,7,3,0,0,0,0,0,1,1,Eden
2015-01-12,2015471500821,532331.0,103841.0,-0.122781,50.819003,47,3,1,1,2,09:15,565,E06000043,4,2066,6,20,3,4,6,0,0,0,1,9,1,0,0,1,2,E01016944,201234WN28982,2,1,1,2,17,4,3,0,0,0,0,0,9,1,Brighton
2015-01-12,2015460251860,556140.0,173970.0,0.245323,51.443203,46,3,1,1,2,02:35,532,E10000016,3,226,6,30,0,-1,-1,0,0,8,4,2,2,0,0,1,1,E01024169,201232N137712,2,4,2,2,15,3,2,0,0,2,0,0,9,3,Dartford
2015-01-12,201501JI40007,544540.0,190410.0,0.08527,51.594001,1,3,1,1,2,09:31,14,E09000026,3,123,6,30,1,4,5,0,0,1,1,1,1,0,0,1,1,E01003700,201201GD10279,1,1,1,1,47,8,3,0,0,0,0,0,8,1,London
2015-01-12,201520W010195,404170.0,287610.0,-1.94002,52.486393,20,3,2,2,2,16:50,300,E08000025,3,457,6,30,3,2,3,4040,0,0,4,8,2,0,0,1,2,E01009152,2012120176600,1,1,1,1,32,6,2,0,0,0,0,0,4,2,Birmingham
2015-01-12,201514A004215,460717.0,402250.0,-1.085853,53.513433,14,3,3,1,2,10:35,211,E08000017,4,1396,6,40,0,-1,-1,0,0,0,1,1,2,0,0,2,1,E01007526,2012070097310,2,2,1,1,38,7,3,0,0,0,0,0,9,1,Doncaster
2015-01-12,2015610001215,309027.0,208389.0,-3.319711,51.766761,61,2,1,1,2,07:52,731,W06000018,6,0,6,60,0,-1,-1,0,0,0,1,5,2,0,0,2,1,W01001429,201242I198606,2,1,1,2,61,9,3,0,0,0,0,0,9,1,
2015-01-12,2015460252121,558320.0,139980.0,0.261608,51.137207,46,2,2,1,2,07:15,543,E10000016,3,26,1,30,1,4,6,0,0,0,1,2,2,0,0,1,2,E01024801,201232N175812,2,2,1,2,52,8,3,0,0,0,0,0,9,2,Tunbridge Wells
2015-01-12,2015610001415,314100.0,209087.0,-3.246389,51.773838,61,3,1,1,2,12:34,730,W06000019,6,0,6,30,0,-1,-1,0,0,0,1,5,2,0,0,1,1,W01001481,201242I198807,2,1,1,2,52,8,3,0,0,0,0,0,9,1,
2015-01-12,201520W010245,405120.0,288080.0,-1.926023,52.49061,20,3,1,1,2,16:45,300,E08000025,6,0,6,30,3,4,6,0,0,0,4,2,2,0,0,1,1,E01009348,2012120176743,1,2,2,2,17,4,3,0,0,1,0,0,9,1,Birmingham
2015-01-12,201520W010575,405680.0,286140.0,-1.917808,52.473164,20,3,2,1,2,17:00,300,E08000025,6,0,3,30,1,4,3,456,0,0,4,1,1,0,0,1,2,E01033639,2012120177069,1,1,1,1,43,7,3,0,0,0,0,0,9,1,Birmingham
2015-01-12,201550BB2F002,210050.0,65623.0,-4.677509,50.459603,50,2,1,1,2,17:41,596,E06000052,3,38,6,50,0,-1,-1,0,0,0,6,5,2,0,0,2,1,E01018926,2012360066134,1,2,1,1,18,4,3,0,0,0,0,0,9,1,
2015-01-12,201531D005615,459182.0,343463.0,-1.119905,52.985247,31,3,2,1,2,16:57,343,E10000024,4,684,6,30,3,2,6,0,0,5,4,1,2,0,0,1,1,E01028193,201214K067612,1,2,2,2,42,7,3,0,0,1,0,0,9,1,City of Nottingham
2015-01-12,2015610001615,334185.0,188900.0,-2.951525,51.595085,61,3,1,2,2,21:05,733,W06000022,1,4,3,70,0,-1,-1,0,0,0,1,2,2,0,0,1,1,W01001606,201242I199007,2,1,1,2,20,4,3,0,0,0,0,0,9,1,Newport
2015-01-12,201522G500121,373760.0,319900.0,-2.390417,52.776043,22,3,1,2,2,03:50,284,E06000020,4,5062,6,60,0,-1,-1,0,0,0,6,1,1,0,0,2,1,E01014131,2012130374353,2,1,1,1,18,4,3,0,0,0,0,0,3,1,
2015-01-12,2015471500246,511812.0,104586.0,-0.413714,50.830021,47,3,2,1,2,17:13,564,E10000032,6,0,6,30,0,-1,-1,0,0,0,4,2,2,0,0,1,1,E01031795,201234WN01632,2,1,1,1,18,4,3,0,0,0,0,0,3,1,
2015-01-12,2015030000069,343100.0,555980.0,-2.888705,54.895298,3,3,2,2,2,16:20,62,E10000006,3,69,3,60,1,4,6,0,0,0,4,4,1,0,0,2,1,E01019251,201201WW50505,1,2,2,1,12,3,3,0,0,1,0,0,9,1,Carlisle
2015-01-12,201501TW60009,516130.0,174170.0,-0.330011,51.45461,1,3,1,1,2,18:35,24,E09000027,3,310,6,30,3,4,6,0,0,0,4,2,2,0,0,1,1,E01003869,201201QK50629,2,1,1,1,19,4,3,0,0,0,0,0,2,1,London
2015-01-12,2015030000068,328500.0,550580.0,-3.114963,54.844902,3,3,2,1,2,12:29,60,E10000006,3,596,6,60,0,-1,-1,0,0,0,1,6,4,0,0,2,1,E01019130,201201WW50505,1,1,1,1,48,8,3,0,0,0,0,0,9,1,Allerdale
2015-01-12,201563CP01115,195040.0,214250.0,-4.973249,51.78926,63,3,2,3,2,12:46,752,W06000009,6,0,6,30,3,4,6,0,0,0,1,2,2,0,0,1,1,W01000586,201243N139012,1,1,1,1,27,6,3,0,0,0,0,0,9,1,
2015-01-12,201563CP00915,193980.0,213000.0,-4.987854,51.777647,63,3,2,1,2,17:15,752,W06000009,3,4076,6,60,0,-1,-1,0,0,0,4,2,2,0,0,2,1,W01000586,201243N138102,2,1,1,1,30,6,3,0,0,0,0,0,9,1,
2015-01-12,2015030000041,348250.0,496820.0,-2.797938,54.364257,3,3,1,2,2,04:32,65,E10000006,3,591,6,60,0,-1,-1,0,0,0,6,5,2,0,0,2,1,E01019387,201201WW50492,2,1,1,1,19,4,2,0,0,0,0,0,3,1,South Lakeland
2015-01-12,201501BS70189,526170.0,177690.0,-0.184331,51.484098,1,3,2,1,2,00:51,12,E09000020,3,308,6,30,6,2,3,3220,0,5,4,1,1,0,0,1,1,E01002912,201197NE00902,2,1,1,2,25,5,3,0,0,0,0,0,9,1,London
2015-01-12,2015160B00081,494923.0,414898.0,-0.56633,53.622027,16,3,3,2,2,15:10,232,E06000013,4,1207,6,30,3,4,6,0,0,0,1,4,2,0,0,2,1,E01013274,2012100090012,1,1,3,2,13,3,3,5,1,0,0,0,0,-1,
2015-01-12,201501VK30022,519640.0,169880.0,-0.280966,51.415324,1,3,1,1,2,08:12,23,E09000021,5,0,6,30,0,-1,-1,0,0,1,1,2,2,0,0,1,1,E01002954,201201RY10348,2,1,1,1,22,5,3,0,0,0,0,0,9,1,London
2015-01-12,201501YR90019,533420.0,190600.0,-0.075091,51.59845,1,3,2,1,2,08:45,31,E09000014,3,10,1,30,2,4,3,109,0,1,1,1,1,0,0,1,1,E01001978,201201TX20119,1,1,1,1,29,6,3,0,0,0,0,0,9,1,London
2015-01-12,2015100438415,423233.0,568560.0,-1.638249,55.011059,10,3,2,1,2,17:00,147,E08000021,5,105,6,30,6,2,5,103,0,4,1,2,2,0,0,1,2,E01008353,201205CC02715,1,1,1,2,20,4,3,0,0,0,0,0,9,1,Newcastle upon Tyne
2015-01-12,2015160A00111,526523.0,408344.0,-0.09148,53.556478,16,3,2,1,2,15:30,233,E06000012,3,1243,6,30,3,2,6,0,0,0,1,1,1,0,0,1,2,E01013182,2012100018412,1,1,2,2,20,4,3,0,0,1,0,0,9,1,
2015-01-12,2015160A00091,527264.0,408602.0,-0.080195,53.558616,16,3,2,1,2,09:40,233,E06000012,4,1212,6,30,6,4,6,0,0,0,1,1,2,0,0,1,1,E01013181,2012100018212,1,1,1,1,18,4,3,0,0,0,0,0,9,1,
2015-01-12,201501WW50061,527560.0,176280.0,-0.164833,51.471115,1,3,2,1,2,08:57,10,E09000032,3,3220,6,30,3,4,6,0,0,1,1,1,1,0,0,1,1,E01004540,201201SX20710,1,1,3,1,10,2,3,5,2,0,0,2,0,1,London
2015-01-12,2015460251961,576653.0,167244.0,0.536846,51.376764,46,3,1,1,2,20:00,544,E06000035,6,0,6,30,0,-1,-1,0,0,1,4,1,1,0,0,1,2,E01016069,201232N150512,1,1,3,1,11,3,2,5,1,0,0,0,0,1,
2015-01-12,201501LX50060,530610.0,174180.0,-0.12172,51.451548,1,3,1,1,2,20:00,9,E09000022,3,23,6,30,3,2,3,23,0,5,4,5,2,0,0,1,2,E01003171,201201JI40359,2,5,2,2,24,5,3,0,0,2,0,0,9,1,London
2015-01-12,2015460252021,599870.0,138460.0,0.853963,51.110574,46,3,2,2,2,19:48,530,E10000016,6,1512,6,40,6,3,6,0,0,0,6,2,2,0,0,2,1,E01024039,201232N161212,1,1,3,1,3,1,2,1,3,0,0,0,0,3,Ashford
2015-01-12,2015051501095,335984.0,415668.0,-2.969583,53.633602,5,3,2,1,2,18:25,93,E08000014,3,570,6,30,1,4,6,0,0,0,4,1,1,0,0,1,1,E01007060,201201ZT80327,1,1,1,1,33,6,3,0,0,0,0,0,9,1,
2015-01-12,201501JI40125,540470.0,191870.0,0.027137,51.608149,1,3,2,1,2,06:09,14,E09000026,5,0,6,30,0,-1,-1,0,0,0,4,2,2,0,0,1,1,E01003749,201201GD10362,2,1,1,2,30,6,3,0,0,0,0,0,1,1,London
2015-01-12,201531C029415,455603.0,340683.0,-1.173686,52.960642,31,3,2,1,2,13:06,346,E06000018,5,183,6,30,6,4,6,0,0,0,1,3,2,0,0,1,1,E01013945,201214C050012,2,2,1,2,46,8,3,0,0,0,0,0,9,1,City of Nottingham
2015-01-12,2015460251951,553080.0,156610.0,0.19386,51.288057,46,3,3,2,2,18:20,538,E10000016,3,225,6,30,6,2,3,25,0,4,4,2,2,0,0,1,1,E01024468,201232N147412,2,3,2,1,23,5,3,0,0,2,0,0,9,-1,Sevenoaks
2015-01-12,2015460251950,638040.0,168330.0,1.418142,51.36412,46,3,2,1,2,20:56,541,E10000016,6,4125,6,30,0,-1,-1,0,0,0,4,2,2,0,0,1,1,E01024689,201232N147412,2,2,2,2,47,8,3,0,0,1,0,0,9,1,Thanet
2015-01-12,201501WW50049,526580.0,171990.0,-0.180468,51.432781,1,3,1,1,2,19:35,10,E09000032,3,217,6,30,0,-1,-1,0,0,1,4,1,1,0,0,1,1,E01004615,201201SX20695,1,3,2,1,23,5,3,0,0,2,0,0,9,-1,London
2015-01-12,20154100K0006,536500.0,207280.0,-0.024138,51.747596,41,3,2,1,2,17:45,430,E10000015,6,461,6,30,3,4,6,330,0,0,4,2,2,0,0,1,2,E01023289,2012212003400,1,1,1,1,24,5,2,0,0,0,0,0,9,1,
2015-01-12,2015460251781,572940.0,148460.0,0.474459,51.209163,46,3,1,1,2,12:00,536,E10000016,5,66,6,60,0,-1,-1,0,0,0,1,2,2,0,0,2,1,E01024379,201232N126312,2,2,1,1,38,7,2,0,0,0,0,0,19,2,
2015-01-12,201560S005329,316116.0,380388.0,-3.260541,53.313756,60,3,2,2,2,08:47,724,W06000005,3,548,6,40,6,2,6,0,0,0,1,2,2,0,0,2,1,W01000320,201242I095004,1,1,1,2,21,5,3,0,0,0,0,0,9,2,
2015-01-12,201560S005324,328163.0,364863.0,-3.076248,53.176004,60,3,2,1,2,08:22,724,W06000005,4,5127,6,30,6,2,4,5128,0,0,1,4,1,0,0,1,2,W01000265,201242I094904,2,1,1,2,18,4,3,0,0,0,0,0,9,3,
2015-01-12,2015051501017,328726.0,391338.0,-3.073779,53.414014,5,3,1,1,2,17:05,95,E08000015,1,53,3,70,0,-1,-1,0,0,0,4,1,1,0,0,2,1,E01007210,201201ZT80256,1,1,3,1,12,3,3,5,1,0,0,2,0,1,
2015-01-12,201560S005313,285028.0,379134.0,-3.726509,53.296647,60,3,3,1,2,07:45,721,W06000003,3,55,3,50,0,-1,-1,0,0,0,4,5,2,4,0,1,1,W01000182,201242I094803,1,1,3,2,23,5,3,1,1,0,0,2,0,1,
2015-01-12,201501KF60029,543010.0,185730.0,0.061294,51.552339,1,3,1,1,2,19:48,17,E09000025,6,0,6,30,3,4,6,0,0,0,4,2,2,0,0,1,1,E01003582,201201HT20729,1,1,1,1,35,6,3,0,0,0,0,0,3,1,London