Date,Accident_Index_x,Location_Easting_OSGR,Location_Northing_OSGR,Longitude,Latitude,Police_Force,Accident_Severity,Number_of_Vehicles,Number_of_Casualties,Day_of_Week,Time,Local_Authority_(District),Local_Authority_(Highway),1st_Road_Class,1st_Road_Number,Road_Type,Speed_limit,Junction_Detail,Junction_Control,2nd_Road_Class,2nd_Road_Number,Pedestrian_Crossing-Human_Control,Pedestrian_Crossing-Physical_Facilities,Light_Conditions,Weather_Conditions,Road_Surface_Conditions,Special_Conditions_at_Site,Carriageway_Hazards,Urban_or_Rural_Area,Did_Police_Officer_Attend_Scene_of_Accident,LSOA_of_Accident_Location,Accident_Index_y,Vehicle_Reference,Casualty_Reference,Casualty_Class,Sex_of_Casualty,Age_of_Casualty,Age_Band_of_Casualty,Casualty_Severity,Pedestrian_Location,Pedestrian_Movement,Car_Passenger,Bus_or_Coach_Passenger,Pedestrian_Road_Maintenance_Worker,Casualty_Type,Casualty_Home_Area_Type,city
2015-01-12,201560S005311,302019.0,381238.0,-3.472325,53.318971,60,3,2,1,2,07:25,723,W06000004,4,5119,6,30,6,4,6,0,0,4,4,5,2,0,0,1,1,W01000231,201242I094704,1,1,1,2,30,6,3,0,0,0,0,0,20,1,
2015-01-12,201501JI40043,540760.0,189830.0,0.030505,51.589746,1,3,2,2,2,12:38,14,E09000026,3,113,6,30,6,2,4,168,0,5,1,1,1,0,0,1,2,E01003764,201201GD10300,2,1,1,1,27,6,3,0,0,0,0,0,3,1,London
2015-01-12,201501KF60042,539710.0,182170.0,0.012317,51.521176,1,3,2,1,2,17:53,17,E09000025,5,0,6,30,3,4,6,0,0,0,4,1,1,0,0,1,1,E01003502,201201HT20735,1,2,2,2,59,9,3,0,0,2,0,0,9,1,London
2015-01-12,201501TD00005,532280.0,179600.0,-0.095673,51.499868,1,1,2,1,2,08:10,8,E09000028,3,3,6,30,6,2,5,0,0,0,1,1,1,0,0,1,1,E01003937,201201QK50501,3,2,1,1,-1,-1,3,0,0,0,0,0,2,1,London
2015-01-12,2015350034115,503100.0,305240.0,-0.477969,52.635126,35,2,1,2,2,15:50,394,E06000031,3,1,3,70,0,-1,-1,0,0,0,1,5,2,0,0,2,1,E01015590,201220G004442,2,1,2,2,20,4,3,0,0,2,0,0,10,-1,
2015-01-12,201501YR90153,533420.0,190590.0,-0.075095,51.59836,1,3,4,1,2,18:00,31,E09000014,3,10,6,30,2,4,3,109,0,1,7,2,2,0,0,1,1,E01001976,201201TX20207,1,1,1,1,44,7,3,0,0,0,0,0,9,1,London
2015-01-12,201501JI40023,543700.0,186190.0,0.071427,51.556297,1,3,2,1,2,06:45,14,E09000026,3,118,1,30,1,4,3,123,0,7,4,4,2,0,0,1,1,E01003689,201201GD10288,1,1,1,2,27,6,3,0,0,0,0,0,1,1,London
2015-01-12,201531C014415,453235.0,343139.0,-1.208531,52.982957,31,3,1,1,2,16:00,346,E06000018,6,0,6,30,3,4,6,0,0,0,1,1,2,0,0,1,2,E01013826,201214C041612,1,1,1,1,63,9,3,0,0,0,0,0,9,1,City of Nottingham
2015-01-12,201501YR90030,534260.0,189530.0,-0.06338,51.588635,1,3,2,1,2,15:35,31,E09000014,3,503,3,30,3,4,6,0,0,0,1,2,2,0,0,1,1,E01002066,201201TX20122,1,1,3,2,78,11,3,6,9,0,0,2,0,1,London
2015-01-12,201531C021915,458800.0,339772.0,-1.126263,52.952114,31,3,1,1,2,08:25,346,E06000018,5,172,6,30,3,4,6,0,0,1,1,1,1,0,0,1,1,E01013918,201214C045512,1,1,1,1,62,9,3,0,0,0,0,0,9,3,City of Nottingham
2015-01-12,2015405BA0023,504805.0,248938.0,-0.470372,52.128821,40,3,1,1,2,07:35,420,E06000055,6,0,6,30,3,4,3,5141,0,0,4,4,1,0,0,1,2,E01017473,201220T032282,2,1,2,2,18,4,3,0,0,1,0,0,9,1,
2015-01-12,2015160B00211,487654.0,409428.0,-0.677733,53.574139,16,2,2,1,2,18:56,232,E06000013,6,0,6,30,3,4,6,0,0,0,4,1,1,0,0,1,1,E01013278,2012100092012,1,1,1,2,22,5,3,0,0,0,0,0,9,3,
2015-01-12,201501VK30028,521170.0,169010.0,-0.259272,51.40718,1,3,2,1,2,17:45,23,E09000021,6,0,6,30,0,-1,-1,0,0,0,4,2,2,0,0,1,2,E01002963,201201RY10351,2,1,1,1,29,6,3,0,0,0,0,0,1,1,London
2015-01-12,2015471500266,531355.0,130523.0,-0.127018,51.059031,47,3,2,1,2,16:40,563,E10000032,6,0,6,30,0,-1,-1,0,0,0,6,5,2,0,0,2,2,E01031693,201234WN02432,2,1,1,2,58,9,3,0,0,0,0,0,9,1,Mid Sussex
2015-01-12,201501LX50005,530830.0,179860.0,-0.116454,51.502541,1,3,2,1,2,17:30,9,E09000022,3,3200,6,30,3,2,6,0,0,5,4,2,2,0,0,1,1,E01003013,201201JI40330,1,1,1,1,64,9,3,0,0,0,0,0,9,1,London
2015-01-12,201542I008701,567273.0,190211.0,0.41307,51.585928,42,3,2,1,2,06:35,450,E10000012,3,127,3,70,0,-1,-1,0,0,0,4,8,2,0,0,2,1,E01021261,2012212005349,2,1,1,1,43,7,3,0,0,0,0,0,9,-1,
2015-01-12,20154100J0012,526250.0,201550.0,-0.174604,51.698505,41,3,2,2,2,16:00,33,E10000015,3,1000,6,30,8,4,-1,-1,0,5,1,2,2,0,0,1,2,E01023580,2012212002987,2,2,1,2,25,5,3,0,0,0,0,0,9,1,Hertsmere
2015-01-12,20151321C0176,400977.0,437042.0,-1.986639,53.82964,13,2,2,1,2,07:02,200,E08000032,6,0,6,30,3,4,6,0,0,0,4,5,2,0,0,2,1,E01010855,201206F067887,2,1,1,2,50,8,3,0,0,0,0,0,9,1,Bradford
2015-01-12,201523N025052,435614.0,290744.0,-1.476646,52.513427,23,3,2,1,2,14:30,291,E10000031,6,0,6,30,3,4,6,0,0,0,1,2,2,0,0,1,1,E01031049,2012130418199,1,1,3,1,11,3,3,10,9,0,0,0,0,-1,Nuneaton and Bedworth
2015-01-12,201542I009301,603604.0,221529.0,0.955092,51.855197,42,2,2,1,2,16:29,455,E10000012,6,0,6,30,0,-1,-1,0,0,0,4,2,2,0,0,2,1,E01021738,2012212005358,2,1,1,2,27,6,3,0,0,0,0,0,9,1,
2015-01-12,201542I009401,572127.0,202117.0,0.488915,51.691417,42,3,2,1,2,17:25,454,E10000012,3,12,3,70,0,-1,-1,0,0,0,6,2,2,0,0,2,1,E01021555,2012212005360,1,1,3,1,6,2,3,10,9,0,0,0,0,1,Chelmsford
2015-01-12,20151321C0178,415991.0,433313.0,-1.758721,53.795883,13,3,1,1,2,07:04,200,E08000032,6,0,6,30,3,4,3,6181,0,0,4,5,2,0,0,1,1,E01033691,201206F067913,1,1,1,2,53,8,3,0,0,0,0,0,9,1,Bradford
2015-01-12,20151321C0228,438495.0,430408.0,-1.417463,53.768601,13,3,1,1,2,07:45,204,E08000035,3,642,6,30,9,4,6,0,2,4,1,1,2,0,0,2,2,E01011390,201206F067953,1,1,3,2,47,8,3,4,3,0,0,0,0,1,Leeds
2015-01-12,2015350001115,524470.0,270340.0,-0.175374,52.317062,35,3,1,1,2,07:15,393,E10000003,6,0,6,30,3,4,6,0,0,0,1,9,1,0,0,2,2,E01018132,2012170S22822,1,1,1,1,34,6,3,0,0,0,0,0,9,1,Huntingdonshire
2015-01-12,201501BS70004,524610.0,181080.0,-0.20559,51.51491,1,3,1,1,2,18:08,12,E09000020,4,415,6,30,2,4,6,0,0,1,4,2,2,0,0,1,1,E01002833,201197ND01005,2,1,1,1,53,8,3,0,0,0,0,0,9,1,London
2015-01-12,201501BS70002,526530.0,178560.0,-0.178838,51.491836,1,3,1,1,2,07:50,12,E09000020,6,0,6,30,3,4,3,3218,0,0,1,1,1,0,0,1,1,E01002820,201197ND01001,2,1,1,2,24,5,3,0,0,0,0,0,9,1,London
2015-01-12,201501LX50006,530440.0,173120.0,-0.124556,51.442061,1,3,1,1,2,21:36,9,E09000022,3,23,3,30,3,2,6,0,0,5,4,5,2,0,0,1,1,E01003130,201201JI40331,2,1,1,1,23,5,3,0,0,0,0,0,1,-1,London
2015-01-12,201542I009501,585419.0,188686.0,0.673898,51.566558,42,3,2,1,2,18:14,460,E06000033,6,0,1,30,1,4,6,0,0,0,4,2,2,0,0,1,1,E01015863,2012212005362,1,1,1,1,28,6,3,0,0,0,0,0,9,3,Southend-on-Sea
2015-01-12,2015350003915,551610.0,250660.0,0.213678,52.133447,35,3,2,4,2,21:00,395,E10000003,3,1307,6,60,6,4,6,0,0,0,4,2,2,0,0,2,1,E01018289,2012170S30512,1,3,2,2,45,7,3,0,0,1,0,0,9,1,
2015-01-12,2015160D00531,508856.0,430734.0,-0.350213,53.761596,16,3,2,5,2,12:54,228,E06000010,3,1079,6,30,6,2,6,0,0,5,1,1,2,0,0,1,1,E01012761,2012100303012,2,1,1,2,43,7,3,0,0,0,0,0,9,1,Hull
2015-01-12,2015350004015,555990.0,246770.0,0.275837,52.097283,35,3,2,1,2,11:45,395,E10000003,4,1052,6,30,0,-1,-1,0,0,0,1,2,2,0,0,2,2,E01018263,2012170S30512,2,2,1,1,41,7,3,0,0,0,0,0,9,1,South Cambridgeshire
2015-01-12,201501BS70001,525130.0,180050.0,-0.198465,51.505538,1,3,1,1,2,18:45,12,E09000020,5,0,6,30,3,4,6,0,0,0,4,1,1,0,0,1,1,E01002825,201197ND00903,1,1,2,1,33,6,3,0,0,2,0,0,9,-1,London
2015-01-12,2015350004215,520270.0,296960.0,-0.227384,52.557197,35,3,2,1,2,16:35,394,E06000031,6,0,6,30,3,2,6,0,0,5,4,2,2,0,0,1,1,E01015668,2012170S30522,2,1,1,1,47,8,3,0,0,0,0,0,1,1,Peterborough
2015-01-12,2015540405915,385868.0,158050.0,-2.204182,51.321376,54,3,2,1,2,16:00,635,E06000054,6,0,1,30,2,4,6,0,0,0,4,2,2,0,0,1,2,E01032101,20124100D0554,2,1,1,2,34,6,3,0,0,0,0,0,9,1,
2015-01-12,2015350004315,518770.0,303190.0,-0.247267,52.613507,35,3,2,1,2,19:40,394,E06000031,3,15,1,70,1,4,6,0,0,0,4,8,2,0,0,1,1,E01015659,2012170S30532,1,1,1,1,17,4,3,0,0,0,0,0,3,1,Peterborough
2015-01-12,2015350004415,545110.0,279320.0,0.131094,52.392675,35,3,2,2,2,18:10,391,E10000003,3,142,6,60,0,-1,-1,0,0,0,6,5,2,0,0,2,1,E01018055,2012170S30542,2,1,1,1,54,8,3,0,0,0,0,0,9,2,East Cambridgeshire
2015-01-12,2015471500270,509847.0,128555.0,-0.434386,51.045854,47,3,2,1,2,17:45,562,E10000032,3,29,6,40,0,-1,-1,0,0,0,4,2,2,0,0,2,1,E01031614,201234WN02532,2,2,2,2,41,7,3,0,0,2,0,0,9,1,Horsham
2015-01-12,2015540399815,391279.0,173336.0,-2.126914,51.458932,54,3,2,1,2,21:00,635,E06000054,5,366,6,30,0,-1,-1,0,0,0,4,5,2,0,0,1,2,E01031911,20124100D0544,2,1,1,1,30,6,2,0,0,0,0,0,5,2,
2015-01-12,2015540396915,414222.0,183985.0,-1.796264,51.554574,54,2,2,1,2,14:30,633,E06000030,3,4289,1,30,2,4,6,0,0,4,1,3,2,0,0,1,2,E01015498,20124100D0541,1,1,3,2,79,11,3,5,3,0,0,0,0,1,
2015-01-12,2015540391015,414532.0,134270.0,-1.793805,51.107546,54,3,1,1,2,20:07,635,E06000054,3,345,6,60,0,-1,-1,0,0,0,6,2,5,0,0,2,1,E01032013,20124100D0539,1,1,1,2,17,4,3,0,0,0,0,0,2,3,
2015-01-12,2015450021693,498991.0,150824.0,-0.58308,51.248007,45,3,2,1,2,16:52,511,E10000030,3,25,6,30,0,-1,-1,0,0,0,7,1,1,0,0,1,2,E01030450,201231C277112,2,1,1,1,21,5,3,0,0,0,0,0,1,-1,
2015-01-12,2015450021705,517017.0,150033.0,-0.325178,51.237488,45,3,1,1,2,16:45,512,E10000030,5,253,6,30,3,4,6,0,0,0,4,2,2,0,0,1,1,E01030533,201231C280612,2,2,1,2,24,5,3,0,0,0,0,0,9,1,
2015-01-12,2015460252589,558320.0,155290.0,0.268357,51.274766,46,3,2,1,2,15:00,542,E10000016,6,1441,6,60,0,-1,-1,0,0,0,1,2,2,0,0,2,1,E01024755,201232N222112,1,4,2,1,10,2,3,0,0,2,0,0,9,2,Tonbridge and Malling
2015-01-12,201501YR90051,532270.0,190410.0,-0.091756,51.597013,1,3,2,1,2,17:02,31,E09000014,4,155,6,30,0,-1,-1,0,0,0,4,2,2,0,0,1,1,E01002088,201201TX20134,1,2,2,2,53,8,2,0,0,0,4,0,11,1,London
2015-01-12,201504SB15009,350240.0,405450.0,-2.752381,53.54332,4,3,2,1,2,17:05,84,E10000017,6,0,1,40,1,4,3,5068,0,0,4,1,1,0,0,1,1,E01025528,201201YE80470,1,1,1,1,50,8,3,0,0,0,0,0,9,1,West Lancashire
2015-01-12,201504SB15008,341090.0,408700.0,-2.891057,53.57158,4,3,4,1,2,17:35,84,E10000017,3,570,6,30,7,2,3,59,0,0,1,1,1,0,0,1,1,E01025500,201201YE80469,1,1,1,1,-1,-1,3,0,0,0,0,0,9,-1,West Lancashire
2015-01-12,2015471500259,551580.0,101628.0,0.149375,50.794402,47,3,2,1,2,18:00,556,E10000011,6,0,6,30,3,4,6,0,0,0,6,1,1,0,0,2,2,E01021143,201234WN01812,1,1,3,1,17,4,3,4,2,0,0,0,0,3,Lewes
2015-01-12,2015405CA0016,507677.0,222996.0,-0.436581,51.895121,40,3,2,2,2,22:09,421,E06000032,3,5228,6,30,0,-1,-1,0,0,0,4,2,2,0,0,1,1,E01015701,201220T501892,1,1,3,1,6,2,3,5,4,0,0,0,0,-1,
2015-01-12,201501VK30032,518230.0,169850.0,-0.301242,51.415349,1,3,2,1,2,12:50,23,E09000021,3,307,6,30,0,-1,-1,0,0,0,1,5,2,0,0,1,1,E01033569,201201RY10354,2,1,1,1,18,4,3,0,0,0,0,0,3,1,London
2015-01-12,201506A096162,384330.0,401540.0,-2.237754,53.510307,6,3,2,2,2,11:01,102,E08000003,5,0,6,30,3,4,6,0,0,0,1,5,2,0,0,1,1,E01005149,201204AM12088,2,1,2,1,3,1,3,0,0,0,4,0,11,1,Manchester
2015-01-12,201501TX20061,520440.0,176520.0,-0.26721,51.474831,1,3,2,1,2,09:11,25,E09000018,3,316,3,30,3,2,5,0,0,5,1,1,2,0,0,2,1,E01002579,201201RG40240,1,1,3,2,82,11,3,4,1,0,0,2,0,1,London
2015-01-12,201511SA00895,421036.0,529650.0,-1.675418,54.661501,11,3,2,3,2,15:30,169,E06000047,5,188,6,30,6,2,3,689,0,5,1,1,1,0,0,1,1,E01020868,201205EE06259,2,1,1,1,21,5,2,0,0,0,0,0,5,1,
2015-01-12,2015100059615,436798.0,566231.0,-1.426447,54.989317,10,3,5,1,2,15:45,149,E08000023,6,3149,2,30,3,4,3,1018,0,0,1,4,1,0,0,1,1,E01008668,201205AA02331,2,2,1,2,57,9,2,0,0,0,0,0,9,1,South Tyneside
2015-01-12,201501TX20045,511870.0,171870.0,-0.392022,51.434795,1,3,2,1,2,17:10,25,E09000018,3,314,6,30,0,-1,-1,0,0,1,4,2,2,0,0,1,1,E01002615,201201RG40229,1,1,1,1,36,7,3,0,0,0,0,0,1,1,London
2015-01-12,20154100G0015,517890.0,230100.0,-0.285797,51.956899,41,3,2,1,2,21:45,433,E10000015,3,600,6,30,1,4,5,133,0,0,4,2,2,0,0,1,2,E01023603,2012212002528,2,1,2,2,27,6,3,0,0,2,0,0,9,2,North Hertfordshire
2015-01-12,2015471500313,503688.0,133162.0,-0.520894,51.088411,47,3,2,1,2,07:05,559,E10000032,4,2133,6,60,3,4,6,0,0,0,7,9,1,0,0,2,2,E01031517,201234WN04562,1,1,1,1,23,5,3,0,0,0,0,0,1,1,Chichester
2015-01-12,201531C002315,454675.0,340085.0,-1.1876,52.955362,31,3,1,1,2,08:20,346,E06000018,3,609,6,30,3,4,6,0,0,4,1,1,2,0,0,1,1,E01013974,201214C035612,1,1,1,1,19,4,3,0,0,0,0,0,9,1,City of Nottingham
2015-01-12,201531C002615,452596.0,342114.0,-1.218214,52.973807,31,3,1,1,2,11:20,346,E06000018,4,6004,6,30,3,4,6,0,0,8,1,1,2,0,0,1,2,E01013822,201214C035612,1,3,2,1,18,4,1,0,0,2,0,0,9,1,City of Nottingham
2015-01-12,2015540476915,409627.0,131201.0,-1.863948,51.080051,54,3,1,1,2,17:40,635,E06000054,3,30,6,30,6,2,6,0,0,5,4,1,1,0,0,2,2,E01032038,20124100D0575,2,1,1,1,36,7,3,0,0,0,0,0,9,1,
2015-01-12,201506Q096019,389470.0,404770.0,-2.160359,53.539468,6,2,2,3,2,00:24,104,E08000004,4,6189,6,30,0,-1,-1,0,0,0,4,1,2,0,0,1,1,E01005330,201204DA12061,2,1,1,1,14,3,3,0,0,0,0,0,1,1,
2015-01-12,20154100G0023,521370.0,232900.0,-0.234191,51.981313,41,3,1,1,2,17:45,433,E10000015,5,110,6,30,0,-1,-1,0,0,0,4,2,2,0,0,1,2,E01023649,2012212002541,2,2,2,1,13,3,3,0,0,2,0,0,9,1,North Hertfordshire
2015-01-12,201501ZD30043,536150.0,165870.0,-0.045228,51.375568,1,3,1,1,2,15:40,20,E09000008,5,0,6,30,6,2,3,232,0,5,1,2,2,0,0,1,2,E01001133,201201VK30178,2,2,1,2,29,6,3,0,0,0,0,0,9,1,London
2015-01-13,201501XD80010,516850.0,179650.0,-0.317842,51.503714,1,3,2,1,3,07:10,27,E09000009,4,452,6,30,3,4,6,0,0,1,4,1,1,0,0,1,1,E01001385,201201TA00546,2,1,1,1,32,6,2,0,0,0,0,0,1,1,London
2015-01-13,2015160A00121,529243.0,409603.0,-0.049924,53.567125,16,3,1,1,3,08:40,233,E06000012,6,0,6,30,3,4,6,0,0,0,1,1,1,0,0,1,1,E01013196,2012100018412,1,2,2,2,21,5,3,0,0,2,0,0,9,-1,
2015-01-13,2015160A00131,526551.0,407284.0,-0.091486,53.546949,16,3,2,1,3,14:15,233,E06000012,3,1243,6,30,3,4,6,0,0,0,1,1,1,0,0,1,2,E01013186,2012100018512,1,1,1,1,32,6,3,0,0,0,0,0,9,2,
2015-01-13,2015471500255,528408.0,105962.0,-0.1777,50.838949,47,3,1,1,3,08:23,565,E06000043,3,270,3,30,6,2,3,2023,2,4,1,1,1,0,0,1,1,E01016980,201234WN01712,2,1,1,2,46,8,3,0,0,0,0,0,9,1,
2015-01-13,2015160A00141,527197.0,410419.0,-0.080467,53.574955,16,3,2,2,3,16:50,233,E06000012,3,180,6,30,1,4,3,180,0,0,4,4,1,0,0,1,2,E01013221,2012100018512,1,2,2,1,52,8,2,0,0,1,0,0,9,1,
2015-01-13,2015471500250,480081.0,99215.0,-0.86533,50.786986,47,3,2,2,3,17:31,559,E10000032,4,2179,6,60,3,4,6,0,0,0,6,1,1,0,0,2,1,E01031540,201234WN01672,1,1,3,2,47,8,1,1,1,0,0,0,0,1,Chichester
2015-01-13,2015471500251,530890.0,106328.0,-0.142339,50.841683,47,3,1,2,3,17:25,565,E06000043,6,0,6,20,3,4,6,0,0,0,4,5,2,0,0,1,1,E01016940,201234WN01692,2,1,1,2,40,7,3,0,0,0,0,0,9,1,Brighton
2015-01-13,2015471500263,532303.0,104089.0,-0.123089,50.821238,47,2,2,1,3,13:40,565,E06000043,6,0,6,20,3,4,6,0,0,0,1,1,2,0,0,1,2,E01016942,201234WN02252,2,1,1,1,37,7,3,0,0,0,0,0,1,1,Brighton
2015-01-13,201514K008215,429049.0,387296.0,-1.56476,53.38172,14,3,1,2,3,09:50,215,E08000019,3,6101,6,40,0,-1,-1,0,0,0,1,1,2,0,0,2,1,E01008158,2012070290100,2,1,1,1,52,8,3,0,0,0,0,0,1,3,Sheffield
2015-01-13,201504SA15025,352840.0,428950.0,-2.716722,53.754766,4,3,2,2,3,07:26,79,E10000017,3,59,7,30,5,4,3,5072,0,0,4,1,2,0,0,1,1,E01025289,201201XH30796,2,1,1,2,78,11,3,0,0,0,0,0,9,1,Preston
2015-01-13,201504SA15024,349610.0,430230.0,-2.765914,53.765967,4,3,1,1,3,09:00,79,E10000017,6,0,6,20,0,-1,-1,0,0,0,1,4,2,0,0,1,1,E01025270,201201XH30795,1,1,1,1,85,11,3,0,0,0,0,0,9,1,Preston
2015-01-13,201501ZT80004,526450.0,164180.0,-0.185117,51.362621,1,3,2,1,3,15:10,21,E09000029,3,232,6,30,3,4,6,0,0,0,1,1,1,0,0,1,1,E01004139,201201WW50164,1,1,1,1,23,5,3,0,0,0,0,0,3,1,London
2015-01-13,201514K008415,435741.0,387492.0,-1.464139,53.383072,14,3,1,1,3,17:47,215,E08000019,5,710,6,30,3,4,5,725,0,4,4,1,1,0,0,1,1,E01033268,2012070290207,2,1,1,1,20,4,3,0,0,0,0,0,3,1,Sheffield
2015-01-13,201501RY10021,548340.0,171060.0,0.131956,51.419151,1,3,1,1,3,07:45,18,E09000004,3,223,6,30,0,-1,-1,0,0,4,1,1,1,0,0,1,1,E01000383,201201PY20292,2,2,1,1,45,7,3,0,0,0,0,0,9,1,London
2015-01-13,201501JI40020,542470.0,189350.0,0.054977,51.585003,1,3,2,1,3,18:20,14,E09000026,3,1400,3,40,3,4,6,0,0,0,4,2,2,0,0,1,1,E01003681,201201GD10283,1,2,1,2,21,5,3,0,0,0,0,0,9,1,London
2015-01-13,2015471500265,502673.0,103307.0,-0.543793,50.820215,47,3,2,1,3,10:55,558,E10000032,3,284,6,30,0,-1,-1,0,0,0,1,1,1,0,0,1,2,E01031469,201234WN02372,2,1,1,2,27,6,3,0,0,0,0,0,9,-1,Arun
2015-01-13,201543P156015,461056.0,205239.0,-1.117109,51.742536,43,3,1,1,3,08:34,484,E10000025,6,233,6,30,0,-1,-1,0,0,0,1,1,2,0,0,1,1,E01028682,2012231030212,1,1,3,2,25,5,3,3,2,0,0,0,0,3,South Oxfordshire
2015-01-13,2015471500237,529269.0,108784.0,-0.164483,50.864121,47,3,1,1,3,09:51,565,E06000043,6,0,6,60,0,-1,-1,0,0,0,1,1,2,0,0,2,1,E01016999,201234WN01602,2,1,1,1,27,6,3,0,0,0,0,0,9,1,
2015-01-13,201504SA15022,357040.0,425550.0,-2.652555,53.724573,4,3,3,1,3,22:51,83,E10000017,1,6,3,70,0,-1,-1,0,0,0,4,3,3,0,0,1,1,E01025401,201201XH30792,1,1,1,1,75,10,3,0,0,0,0,0,9,1,South Ribble
2015-01-13,2015471500260,539467.0,101473.0,-0.022439,50.796048,47,3,2,1,3,16:50,554,E10000011,3,259,6,30,3,4,6,0,0,0,4,1,2,0,0,1,2,E01021031,201234WN01822,2,1,1,1,16,4,3,0,0,0,0,0,2,1,Lewes
2015-01-13,201504SA15018,358470.0,425480.0,-2.630875,53.72406,4,3,4,4,3,08:55,83,E10000017,1,61,3,70,0,-1,-1,0,0,0,1,1,1,0,0,2,1,E01025400,201201XH30790,2,4,2,1,13,3,3,0,0,0,0,0,10,1,South Ribble
2015-01-13,2015471500245,581123.0,109142.0,0.57185,50.853433,47,3,2,1,3,17:02,552,E10000011,3,259,6,30,3,4,6,0,0,4,4,1,1,0,0,1,1,E01020979,201234WN01602,2,2,2,2,27,6,3,0,0,1,0,0,9,1,
2015-01-13,2015471500269,516599.0,122919.0,-0.33992,50.993866,47,3,3,1,3,17:48,562,E10000032,3,24,3,50,0,-1,-1,0,0,0,6,1,1,0,0,2,1,E01031632,201234WN02532,2,1,2,2,14,3,3,0,0,2,0,0,9,1,Horsham
2015-01-13,201550EP2H001,255740.0,55589.0,-4.030433,50.382451,50,3,2,1,3,07:22,583,E06000026,6,0,6,30,3,4,6,0,0,8,5,8,2,0,0,1,1,E01015116,2012370065712,2,1,1,1,56,9,3,0,0,0,0,0,11,1,Plymouth
2015-01-13,2015471500252,530647.0,119625.0,-0.141035,50.961247,47,3,3,1,3,21:51,563,E10000032,6,0,6,30,6,4,6,0,0,0,4,1,2,0,0,1,1,E01031716,201234WN01702,2,1,1,2,51,8,3,0,0,0,0,0,9,1,Mid Sussex
2015-01-13,2015030000075,322180.0,549100.0,-3.212959,54.830662,3,3,1,1,3,17:50,60,E10000006,4,5302,6,60,0,-1,-1,0,0,0,4,6,4,0,0,2,1,E01019132,201201WW50510,1,1,3,2,9,2,3,5,1,0,0,2,0,1,Allerdale
2015-01-13,201501JI40065,541610.0,189320.0,0.042561,51.58495,1,2,2,2,3,15:09,14,E09000026,6,0,6,30,0,-1,-1,0,0,0,1,1,2,0,0,1,1,E01003677,201201GD10315,1,1,1,1,45,7,3,0,0,0,0,0,9,1,London
2015-01-13,20154100G0072,518540.0,228480.0,-0.276901,51.942202,41,3,2,1,3,18:11,433,E10000015,4,656,6,30,0,-1,-1,0,0,0,4,1,1,0,0,2,1,E01023615,2012212002565,2,2,2,2,32,6,3,0,0,0,4,0,11,1,North Hertfordshire
2015-01-13,201501XH30014,509490.0,179210.0,-0.423975,51.501232,1,3,2,1,3,18:30,26,E09000017,3,437,6,30,6,2,3,437,0,0,7,1,1,0,0,1,2,E01002489,201201TB00492,1,1,3,1,48,8,3,9,5,0,0,2,0,-1,London
2015-01-13,201511ND00745,418995.0,542103.0,-1.706249,54.77349,11,3,2,1,3,10:30,169,E06000047,4,6302,6,30,3,4,6,0,0,0,1,1,1,0,0,2,2,E01020705,201205EE03987,2,1,1,1,52,8,2,0,0,0,0,0,9,1,
2015-01-13,201511ND01235,426442.0,544281.0,-1.590292,54.792727,11,3,2,1,3,11:26,169,E06000047,6,0,1,30,2,4,5,12,0,0,1,1,1,0,0,1,2,E01020711,201205EE04017,2,1,1,1,42,7,3,0,0,0,0,0,90,1,Durham
2015-01-13,201543P086015,450710.0,207119.0,-1.266665,51.760468,43,3,2,1,3,19:00,482,E10000025,6,320,6,20,0,-1,-1,0,0,0,4,1,2,0,0,1,2,E01028550,201222G203948,2,1,1,1,63,9,3,0,0,0,0,0,9,1,Oxford
2015-01-13,2015075011356,351149.0,382966.0,-2.735166,53.341325,7,3,5,1,3,13:15,124,E06000006,4,5155,6,30,0,-1,-1,0,0,0,1,1,1,0,0,1,1,E01012431,201204DL12032,2,2,2,2,92,11,3,0,0,0,4,0,11,2,
2015-01-13,201501LX50014,530210.0,173590.0,-0.12769,51.446338,1,3,2,1,3,21:50,9,E09000022,3,205,3,30,3,4,6,0,0,0,4,1,2,0,0,1,1,E01003136,201201JI40335,1,1,1,2,43,7,3,0,0,0,0,0,9,1,London
2015-01-13,2015075011411,360722.0,387579.0,-2.591971,53.383587,7,3,2,1,3,09:15,128,E06000007,3,49,3,30,3,4,6,0,0,4,1,1,1,0,0,1,2,E01012510,201204DL12033,2,1,1,1,48,8,3,0,0,0,0,0,1,1,
2015-01-13,201501LX50010,530710.0,177350.0,-0.119111,51.480013,1,3,1,1,3,18:25,9,E09000022,6,0,6,30,3,4,6,0,0,0,4,2,2,6,0,1,1,E01003104,201201JI40333,2,2,2,1,29,6,3,0,0,1,0,0,9,1,London