Date,Accident_Index_x,Location_Easting_OSGR,Location_Northing_OSGR,Longitude,Latitude,Police_Force,Accident_Severity,Number_of_Vehicles,Number_of_Casualties,Day_of_Week,Time,Local_Authority_(District),Local_Authority_(Highway),1st_Road_Class,1st_Road_Number,Road_Type,Speed_limit,Junction_Detail,Junction_Control,2nd_Road_Class,2nd_Road_Number,Pedestrian_Crossing-Human_Control,Pedestrian_Crossing-Physical_Facilities,Light_Conditions,Weather_Conditions,Road_Surface_Conditions,Special_Conditions_at_Site,Carriageway_Hazards,Urban_or_Rural_Area,Did_Police_Officer_Attend_Scene_of_Accident,LSOA_of_Accident_Location,Accident_Index_y,Vehicle_Reference,Casualty_Reference,Casualty_Class,Sex_of_Casualty,Age_of_Casualty,Age_Band_of_Casualty,Casualty_Severity,Pedestrian_Location,Pedestrian_Movement,Car_Passenger,Bus_or_Coach_Passenger,Pedestrian_Road_Maintenance_Worker,Casualty_Type,Casualty_Home_Area_Type,city
2015-01-13,2015075011444,366228.0,353852.0,-2.505612,53.080815,7,1,2,1,3,14:34,129,E06000049,3,530,6,50,0,-1,-1,0,0,0,1,1,2,0,0,2,1,E01018455,201204DL12034,2,1,1,1,22,5,3,0,0,0,0,0,9,1,
2015-01-13,201506F096214,371930.0,403790.0,-2.424929,53.530012,6,3,3,1,3,17:23,107,E08000006,3,5082,6,30,3,4,6,0,0,0,7,1,2,0,0,1,1,E01005661,201204BA12062,1,1,1,2,20,4,2,0,0,0,0,0,1,-1,Salford
2015-01-13,2015075011450,371619.0,354294.0,-2.425175,53.085103,7,3,3,1,3,14:42,129,E06000049,3,532,6,30,3,4,6,0,0,0,1,2,2,0,0,1,1,E01018501,201204DL12035,2,1,1,1,17,4,1,0,0,0,0,0,3,1,
2015-01-13,20154100J0016,518300.0,197710.0,-0.290881,51.665724,41,3,2,2,3,10:55,33,E10000015,5,85,6,30,2,4,6,782,0,1,1,1,2,0,0,1,1,E01023529,2012212002991,1,1,2,2,31,6,3,0,0,1,0,0,9,1,Hertsmere
2015-01-13,201514K017415,437305.0,393432.0,-1.439927,53.436354,14,2,2,1,3,06:25,215,E08000019,4,6086,6,30,3,4,6,0,0,0,4,1,2,0,0,1,1,E01008055,2012070293791,1,1,1,1,25,5,3,0,0,0,0,0,3,1,Sheffield
2015-01-13,2015075011501,361575.0,389172.0,-2.579343,53.397968,7,3,2,1,3,15:25,128,E06000007,3,574,6,30,3,4,6,0,0,0,1,1,1,0,0,1,1,E01012482,201204DL12036,1,1,1,1,28,6,2,0,0,0,0,0,9,1,
2015-01-13,2015075011575,340254.0,368637.0,-2.896082,53.211421,7,3,2,1,3,16:54,130,E06000050,3,5116,3,30,6,2,6,0,0,0,4,1,2,0,0,1,1,E01018377,201204DL12037,1,1,1,2,25,5,3,0,0,0,0,0,9,1,Chester
2015-01-13,2015075011631,353016.0,379857.0,-2.706666,53.313551,7,3,2,1,3,18:30,124,E06000006,3,557,1,40,1,4,3,557,0,0,4,1,2,0,0,2,1,E01012415,201204DL12037,2,2,1,2,33,6,3,0,0,0,0,0,9,1,
2015-01-13,2015075011806,363467.0,386879.0,-2.550624,53.377493,7,3,1,3,3,22:21,128,E06000007,6,0,6,20,3,4,3,50,0,0,4,1,2,0,0,1,1,E01012486,201204DL12038,2,1,1,2,53,8,3,0,0,0,0,0,9,2,
2015-01-13,201506F096163,372640.0,393790.0,-2.413343,53.440167,6,1,2,3,3,12:15,107,E08000006,3,57,6,50,3,4,4,5311,0,0,1,1,2,0,0,2,1,E01005620,201204BA12060,2,3,2,2,18,4,3,0,0,2,0,0,9,1,Salford
2015-01-13,2015471500236,536857.0,102208.0,-0.059177,50.803276,47,3,2,1,3,12:54,565,E06000043,3,259,6,30,0,-1,-1,0,0,0,1,1,2,0,0,1,1,E01016960,201234WN01572,2,2,2,1,63,9,3,0,0,1,0,0,9,1,
2015-01-13,2015471500225,559678.0,100411.0,0.263654,50.781294,47,3,2,1,3,06:36,551,E10000011,3,2270,6,30,0,-1,-1,0,0,0,4,2,2,0,0,1,1,E01020948,201234WN01172,1,2,2,1,17,4,2,0,0,2,0,0,9,1,Eastbourne
2015-01-13,201501ZT80019,525820.0,164890.0,-0.193911,51.369141,1,2,2,2,3,13:30,21,E09000029,6,0,6,30,6,4,6,0,0,0,1,1,2,0,0,1,2,E01004140,201201WW50172,1,1,1,1,31,6,3,0,0,0,0,0,3,1,London
2015-01-13,2015471500230,560564.0,98275.0,0.27528,50.761857,47,3,2,1,3,10:57,551,E10000011,6,0,6,30,6,4,6,0,0,0,1,1,2,0,0,1,1,E01020937,201234WN01442,3,1,1,1,23,5,3,0,0,0,0,0,8,1,Eastbourne
2015-01-13,201501VK30025,521570.0,166720.0,-0.254308,51.386513,1,3,2,1,3,07:20,23,E09000021,3,2043,6,30,3,2,5,0,0,0,4,2,2,0,0,1,2,E01002977,201201RY10349,1,2,2,1,1,1,3,0,0,2,0,0,9,-1,London
2015-01-13,2015471500234,562875.0,112150.0,0.314177,50.885883,47,2,2,1,3,07:03,556,E10000011,3,271,6,40,0,-1,-1,0,0,0,6,2,5,0,0,2,1,E01021198,201234WN01472,1,2,3,1,3,1,3,5,3,0,0,0,0,1,Wealden
2015-01-13,2015471500235,548979.0,99091.0,0.111469,50.772278,47,2,1,1,3,13:08,554,E10000011,6,0,6,30,3,4,6,0,0,0,1,1,1,0,0,1,1,E01021080,201234WN01572,2,1,1,1,21,5,3,0,0,0,0,0,9,1,Lewes
2015-01-13,201506M096187,377370.0,389810.0,-2.341852,53.404619,6,3,1,1,3,18:30,112,E08000009,4,5165,6,30,3,4,6,0,2,4,4,4,1,0,0,1,1,E01006090,201204CJ12145,1,1,1,1,20,4,1,0,0,0,0,0,3,1,Trafford
2015-01-13,20154100J0023,518092.0,202229.0,-0.29236,51.706381,41,3,2,1,3,17:45,33,E10000015,4,5378,6,60,0,-1,-1,0,0,0,6,2,2,0,0,2,2,E01023582,2012212003009,1,1,1,2,17,4,3,0,0,0,0,0,9,1,Hertsmere
2015-01-13,2015621500074,308661.0,192956.0,-3.320966,51.627978,62,3,1,1,3,21:10,744,W06000016,3,470,3,70,0,-1,-1,0,0,0,4,3,3,0,0,2,1,W01001164,201242I256908,2,1,1,1,39,7,3,0,0,0,0,0,1,1,
2015-01-13,201501XH30005,507260.0,178520.0,-0.4563,51.495457,1,3,3,4,3,17:53,26,E09000017,1,4,3,50,0,-1,-1,0,0,0,4,9,2,0,0,1,1,E01002446,201201TB00484,1,1,3,2,35,6,3,9,7,0,0,2,0,1,London
2015-01-13,2015331500063,451597.0,307878.0,-1.238486,52.666169,33,3,2,2,3,09:39,361,E10000018,3,50,3,40,0,-1,-1,0,0,0,1,1,1,0,0,2,1,E01025848,2012160C00171,2,2,1,1,17,4,3,0,0,0,0,0,9,1,Hinckley and Bosworth
2015-01-13,201504WB15010,354830.0,470080.0,-2.692642,54.124582,4,3,2,3,3,21:10,76,E10000017,4,6254,6,60,0,-1,-1,0,0,0,6,3,3,0,0,2,1,E01025130,201201YR90680,1,1,1,1,30,6,3,0,0,0,0,0,3,1,
2015-01-13,201501SX20010,524480.0,196820.0,-0.201886,51.656392,1,3,1,1,3,11:00,30,E09000003,3,1000,6,30,3,4,3,1081,0,0,1,1,1,0,0,1,2,E01000250,201201PY20690,1,1,2,1,6,2,3,0,0,0,3,0,11,1,London
2015-01-13,201501SX20008,522920.0,188580.0,-0.227315,51.582683,1,3,2,1,3,07:35,30,E09000003,3,41,3,40,6,2,5,0,0,5,1,1,2,0,0,1,1,E01000310,201201PY20689,1,1,2,1,20,4,3,0,0,1,0,0,9,1,London
2015-01-13,201501LX50041,529540.0,176390.0,-0.136301,51.471654,1,3,2,1,3,08:11,9,E09000022,3,3036,6,30,3,4,6,0,0,0,1,2,2,0,0,1,1,E01003089,201201JI40352,4,1,1,1,29,6,3,0,0,0,0,0,9,1,London
2015-01-13,2015360087085,597787.0,312357.0,0.923938,52.672812,36,3,2,1,3,17:53,400,E10000020,3,47,6,60,3,4,4,1146,0,0,6,8,2,0,0,2,1,E01026453,201220K006752,1,1,1,1,19,4,2,0,0,0,0,0,9,1,Breckland
2015-01-13,201501RY10462,550110.0,176750.0,0.159803,51.469811,1,3,2,2,3,08:36,18,E09000004,3,220,6,30,3,4,6,0,0,0,1,1,1,0,7,1,1,E01000370,201201PY20639,2,1,1,1,66,10,3,0,0,0,0,0,1,1,London
2015-01-13,201550FP2D008,287333.0,59404.0,-3.587416,50.423655,50,3,2,2,3,11:50,587,E06000027,3,3022,6,30,6,1,6,0,0,0,1,1,2,0,0,1,1,E01015221,2012370081012,2,2,1,2,46,8,3,0,0,0,0,0,9,3,
2015-01-13,20154100F0004,513410.0,214330.0,-0.356142,51.816102,41,1,1,2,3,11:20,434,E10000015,6,704,2,30,3,4,6,704,0,0,1,1,1,0,0,1,1,E01023701,2012212002058,1,1,2,2,42,7,3,0,0,1,0,0,9,1,St Albans
2015-01-13,20154100F0025,518620.0,214040.0,-0.280695,51.812416,41,2,3,4,3,09:35,434,E10000015,4,653,6,60,8,4,-1,-1,0,0,1,1,1,0,0,2,1,E01023746,2012212002064,1,1,3,2,13,3,3,5,1,0,0,0,0,1,St Albans
2015-01-13,201543W173015,471240.0,172157.0,-0.976341,51.443933,43,3,2,3,3,22:30,472,E06000038,3,33,3,40,3,2,6,7201,0,0,4,4,2,0,0,1,1,E01016388,201230C001378,1,1,1,2,36,7,3,0,0,0,0,0,9,1,
2015-01-13,201501VK30001,518580.0,165260.0,-0.297743,51.374023,1,3,3,1,3,18:43,23,E09000021,3,3,3,40,3,4,6,0,0,0,4,2,2,0,0,1,1,E01003004,201201RY10333,2,2,2,2,24,5,3,0,0,1,0,0,9,1,London
2015-01-13,201543P136015,472369.0,197850.0,-0.954818,51.674767,43,2,2,1,3,14:27,484,E10000025,4,4009,6,40,0,-1,-1,0,0,0,1,1,2,0,0,2,1,E01028679,2012231004412,2,2,1,1,50,8,3,0,0,0,0,0,9,1,South Oxfordshire
2015-01-13,2015621500172,265997.0,193077.0,-3.937058,51.620515,62,3,2,1,3,20:41,745,W06000011,3,4067,6,30,3,4,6,0,0,0,4,1,2,0,0,1,1,W01001955,201242I264108,2,2,2,2,57,9,3,0,0,1,0,0,9,1,Swansea
2015-01-13,2015030000076,337110.0,559590.0,-2.982876,54.927014,3,2,3,3,3,18:12,62,E10000006,6,0,6,60,3,4,6,0,0,0,6,3,2,0,3,2,1,E01019240,201201WW50511,2,1,1,1,28,6,2,0,0,0,0,0,5,1,Carlisle
2015-01-13,2015030000073,344810.0,531110.0,-2.857305,54.672021,3,2,1,1,3,08:41,64,E10000006,4,5288,6,60,0,-1,-1,0,0,0,1,8,4,0,0,2,1,E01019311,201201WW50509,2,1,1,1,47,8,3,0,0,0,0,0,3,1,Eden
2015-01-13,2015030000071,337420.0,562040.0,-2.978574,54.949066,3,3,2,1,3,23:54,62,E10000006,1,6,3,70,0,-1,-1,0,0,0,6,6,3,0,0,2,1,E01019226,201201WW50507,1,1,3,2,54,8,3,1,3,0,0,2,0,1,Carlisle
2015-01-13,201543P134015,451657.0,204780.0,-1.253292,51.739353,43,3,3,1,3,15:04,482,E10000025,3,4144,6,30,0,-1,-1,0,0,0,1,1,1,0,0,1,1,E01028541,2012231001512,2,1,1,1,32,6,3,0,0,0,0,0,3,1,Oxford
2015-01-13,2015621500125,314937.0,175776.0,-3.22616,51.474527,62,3,1,1,3,21:49,741,W06000015,3,4232,3,70,0,-1,-1,0,0,0,4,2,2,0,0,2,1,W01001707,201242I260608,1,1,3,2,34,6,2,10,3,0,0,2,0,1,Cardiff
2015-01-13,201543P131015,457849.0,210699.0,-1.162644,51.791962,43,2,1,1,3,05:43,484,E10000025,6,363,6,60,0,-1,-1,0,0,0,6,8,2,0,0,2,1,E01028638,2012230135612,3,3,2,1,-1,-1,2,0,0,1,0,0,9,1,South Oxfordshire
2015-01-13,2015621500089,268491.0,197284.0,-3.902636,51.658909,62,3,1,1,3,20:21,745,W06000011,3,4217,6,30,0,-1,-1,0,0,0,4,8,4,0,0,1,1,W01000794,201242I257908,1,1,1,2,26,6,2,0,0,0,0,0,9,1,
2015-01-13,201506F096994,383000.0,400580.0,-2.257756,53.501637,6,3,2,1,3,17:45,107,E08000006,3,56,2,30,0,-1,-1,0,0,0,4,2,2,0,0,1,2,E01005612,201204BA12074,2,1,1,1,19,4,3,0,0,0,0,0,1,1,Salford
2015-01-13,2015610001515,323883.0,190009.0,-3.100462,51.603754,61,3,1,3,3,12:58,731,W06000018,3,467,3,60,0,-1,-1,0,0,0,1,1,1,0,0,2,1,W01001412,201242I198907,1,1,1,2,19,4,3,0,0,0,0,0,9,3,
2015-01-13,2015610002115,353403.0,193909.0,-2.67478,51.64204,61,3,2,1,3,16:45,732,W06000021,6,0,6,30,3,4,6,0,0,0,4,2,2,0,0,1,2,W01001587,201242I199207,3,3,1,1,34,6,3,0,0,0,0,0,9,-1,
2015-01-13,2015030000070,317430.0,480760.0,-3.267712,54.215891,3,3,1,1,3,01:00,63,E10000006,3,5093,6,60,0,-1,-1,0,0,0,7,9,2,0,7,2,2,E01019290,201201WW50506,1,1,1,2,29,6,3,0,0,0,0,0,1,1,Copeland
2015-01-13,2015621500080,264582.0,195335.0,-3.958359,51.640467,62,3,2,1,3,21:07,745,W06000011,6,0,6,30,0,-1,-1,0,0,0,4,2,2,0,0,1,1,W01000767,201242I257308,2,1,1,2,45,7,3,0,0,0,0,0,9,3,Swansea
2015-01-13,201543P109015,431156.0,226606.0,-1.548221,51.937094,43,2,1,1,3,08:30,485,E10000025,4,4450,6,30,0,-1,-1,0,0,0,1,1,1,0,0,2,1,E01028782,201222G205025,2,1,1,2,88,11,3,0,0,0,0,0,9,3,West Oxfordshire
2015-01-13,201501SX20028,519870.0,194540.0,-0.269277,51.636903,1,3,3,4,3,03:25,30,E09000003,1,1,3,70,5,4,6,0,0,0,4,2,2,0,0,2,1,E01000228,201201PY20705,1,1,3,2,30,6,3,1,1,0,0,2,0,-1,London
2015-01-13,201514C083415,440037.0,394486.0,-1.398672,53.445627,14,3,2,1,3,08:05,213,E08000018,6,0,6,30,8,4,6,0,0,0,1,1,1,0,0,1,1,E01007805,2012070263057,1,1,1,1,39,7,3,0,0,0,0,0,9,1,Rotherham
2015-01-13,20154100C0043,510280.0,196140.0,-0.407288,51.653243,41,3,1,1,3,17:03,437,E10000015,6,424,6,30,3,4,5,74,0,0,1,8,2,0,0,1,1,E01023899,2012212000737,1,1,1,1,29,6,3,0,0,0,0,0,1,1,Watford
2015-01-13,201501SX20060,522170.0,189780.0,-0.237716,51.59363,1,3,2,1,3,14:37,30,E09000003,6,0,6,30,3,4,6,0,0,0,1,1,1,0,0,1,1,E01033572,201201PY29009,1,1,3,2,14,3,3,1,1,0,0,2,0,1,London
2015-01-13,2015405BA0064,505552.0,248113.0,-0.45972,52.121265,40,3,1,1,3,23:19,420,E06000055,6,0,6,30,9,4,6,0,0,0,4,1,4,0,0,1,1,E01017476,201220T033562,2,1,1,1,19,4,3,0,0,0,0,0,1,1,
2015-01-13,2015405BA0047,505280.0,250120.0,-0.46307,52.139354,40,3,2,1,3,18:02,420,E06000055,3,4280,6,30,3,4,6,0,0,5,4,1,1,0,0,1,1,E01017469,201220T032962,2,2,1,1,35,6,3,0,0,0,0,0,11,1,
2015-01-13,2015405BA0040,502973.0,252461.0,-0.496059,52.160828,40,3,3,1,3,23:25,420,E06000055,5,15,6,30,0,-1,-1,0,0,0,4,1,1,0,0,2,1,E01017479,201220T032962,1,1,1,1,20,4,3,0,0,0,0,0,9,1,
2015-01-13,2015405BA0034,505244.0,250876.0,-0.463362,52.146155,40,2,2,1,3,06:49,420,E06000055,6,0,6,30,3,4,6,0,0,0,4,1,2,0,0,1,1,E01017482,201220T032842,1,1,3,1,45,7,3,6,9,0,0,0,0,1,
2015-01-13,2015331500057,461577.0,323924.0,-1.087929,52.809358,33,2,3,1,3,14:18,362,E10000018,3,6006,6,60,0,-1,-1,0,0,0,1,1,1,4,0,2,1,E01025761,2012160C00141,1,3,2,2,15,3,3,0,0,1,0,0,9,3,Charnwood
2015-01-13,201563CP01415,184630.0,210640.0,-5.121716,51.752939,63,3,1,1,3,17:09,752,W06000009,4,4327,6,60,0,-1,-1,0,0,0,6,8,4,0,0,2,1,W01000622,201243N139032,1,2,1,1,46,8,2,0,0,0,0,0,9,1,
2015-01-13,201501TX20036,520000.0,178470.0,-0.27288,51.49245,1,3,2,1,3,18:25,25,E09000018,3,315,6,30,3,4,6,0,0,0,4,2,2,0,0,1,1,E01002692,201201RG40218,1,1,3,1,41,7,3,6,9,0,0,2,0,1,London
2015-01-13,201511NF00555,440614.0,547345.0,-1.369471,54.819316,11,3,1,1,3,22:17,169,E06000047,3,19,3,70,5,4,4,1285,0,0,4,1,4,0,0,2,1,E01033161,201205EE05016,2,1,1,1,18,4,3,0,0,0,0,0,1,1,
2015-01-13,201537EA87084,597488.0,247866.0,0.881547,52.093884,37,3,2,1,3,14:37,410,E10000029,4,1115,6,60,0,-1,-1,0,0,0,1,1,2,0,0,2,1,E01029907,201220N027182,2,1,1,1,20,4,3,0,0,0,0,0,9,1,Babergh
2015-01-13,201563BC00415,259530.0,282000.0,-4.066928,52.417903,63,3,3,1,3,09:30,750,W06000008,3,487,6,40,0,-1,-1,0,0,0,1,1,2,0,0,2,2,W01000512,201243N103122,1,1,3,2,78,11,1,5,3,0,0,0,0,1,
2015-01-13,201537EA87119,654094.0,293746.0,1.740767,52.482419,37,3,1,1,3,09:05,416,E10000029,3,1144,6,30,0,-1,-1,0,0,0,1,1,1,0,0,1,2,E01030261,201220N027392,3,1,1,1,20,4,3,0,0,0,0,0,19,1,East Suffolk
2015-01-13,2015331500054,434655.0,314077.0,-1.488338,52.723238,33,2,2,1,3,22:20,366,E10000018,4,4116,6,60,0,-1,-1,0,0,0,6,6,3,0,0,2,1,E01025921,2012160C00111,2,2,1,1,51,8,3,0,0,0,0,0,9,1,North West Leicestershire
2015-01-13,2015460251855,569540.0,170340.0,0.436222,51.406744,46,3,2,1,3,16:30,535,E10000016,5,7,6,60,0,-1,-1,0,0,0,6,5,2,0,0,2,1,E01024301,201232N137712,2,3,2,2,8,2,3,0,0,2,0,0,9,3,Gravesham
2015-01-13,201520K002825,394840.0,291990.0,-2.077486,52.525758,20,3,1,1,3,06:44,305,E08000028,6,0,6,30,3,4,6,0,0,0,4,1,1,0,0,1,1,E01010068,201211SJ00862,2,2,1,1,59,9,3,0,0,0,0,0,9,3,Sandwell
2015-01-13,201543R082015,498497.0,179710.0,-0.582156,51.507747,43,3,2,1,3,13:15,473,E06000039,3,412,6,40,0,-1,-1,0,0,0,1,2,2,0,0,1,1,E01016511,2012233081712,2,3,2,1,29,6,3,0,0,2,0,0,9,-1,
2015-01-13,2015460251866,631310.0,141910.0,1.304581,51.129731,46,3,2,1,3,10:00,533,E10000016,6,3309,6,30,3,4,6,0,0,0,1,9,2,0,0,1,1,E01024246,201232N139212,2,1,1,1,58,9,3,0,0,0,0,0,9,3,
2015-01-13,2015460251875,567780.0,155170.0,0.403799,51.270983,46,3,2,1,3,08:36,542,E10000016,6,3011,6,30,3,4,6,0,0,0,1,2,2,0,0,2,1,E01032826,201232N140012,1,1,2,2,53,8,3,0,0,1,0,0,9,-1,Tonbridge and Malling
2015-01-13,2015460251890,551940.0,173930.0,0.18492,51.443985,46,2,1,1,3,16:00,532,E10000016,6,3202,6,30,0,-1,-1,0,0,0,1,1,1,0,0,1,1,E01024144,201232N140412,1,2,2,2,14,3,3,0,0,0,4,0,11,1,Dartford
2015-01-13,201563DP02715,317320.0,229790.0,-3.204694,51.960421,63,3,1,1,3,15:56,753,W06000023,3,479,6,50,0,-1,-1,0,0,0,1,3,3,0,0,2,1,W01000494,201243N185122,2,1,1,1,37,7,3,0,0,0,0,0,9,1,
2015-01-13,201537EA87169,591611.0,255805.0,0.800335,52.167239,37,3,2,1,3,10:20,410,E10000029,5,698,6,30,3,4,5,699,0,0,1,1,1,0,0,2,1,E01029907,201220N029192,1,1,1,2,47,8,3,0,0,0,0,0,9,1,Babergh
2015-01-13,201520K002745,396340.0,290490.0,-2.05536,52.512286,20,3,1,1,3,08:11,305,E08000028,6,0,6,30,0,-1,-1,0,0,0,1,1,1,0,0,1,1,E01010016,201211SJ00862,1,1,1,2,19,4,3,0,0,0,0,0,9,2,Sandwell
2015-01-13,201520K001975,400110.0,288590.0,-1.999809,52.495218,20,3,1,1,3,12:05,305,E08000028,6,0,6,30,3,4,4,4169,0,0,1,2,2,0,0,1,1,E01010019,201211SJ00052,1,7,2,2,8,2,3,0,0,0,0,0,10,1,Sandwell
2015-01-13,2015405CA0033,510902.0,223988.0,-0.389414,51.903405,40,3,1,1,3,18:14,421,E06000032,6,0,6,20,3,4,6,0,0,8,4,1,1,0,0,1,1,E01015798,201220T502182,1,1,3,2,60,9,3,5,2,0,0,0,0,1,
2015-01-13,201501GD10008,533460.0,182180.0,-0.077708,51.522775,1,2,1,3,3,09:20,4,E09000012,3,1202,3,40,6,2,3,10,0,5,1,1,1,0,0,1,1,E01033708,201201CW11651,2,1,2,1,63,9,3,0,0,1,0,0,9,1,London
2015-01-13,201522E500146,350160.0,249140.0,-2.729641,52.138296,22,2,2,2,3,16:00,285,E06000019,3,49,6,60,3,4,6,0,0,0,1,1,1,0,0,2,1,E01014100,2012130324035,1,5,2,1,8,2,3,0,0,2,0,0,8,1,
2015-01-13,201522E500262,350410.0,238930.0,-2.7245,52.046532,22,3,2,1,3,12:38,285,E06000019,3,465,6,30,9,4,6,0,0,0,1,1,2,0,0,1,1,E01014071,2012130324460,1,2,1,1,21,5,3,0,0,0,0,0,9,1,
2015-01-13,201543S072015,485785.0,239588.0,-0.750496,52.048055,43,2,3,2,3,17:30,479,E06000042,4,4034,3,70,0,-1,-1,0,0,0,4,1,1,0,0,2,3,E01033499,201230B001585,1,2,2,2,7,2,3,0,0,2,0,0,9,1,
2015-01-13,201543S066015,487230.0,240763.0,-0.729131,52.058392,43,2,2,1,3,15:10,479,E06000042,5,9010,6,60,0,-1,-1,0,0,0,1,1,2,0,0,2,1,E01016769,201230B001306,1,1,1,1,18,4,3,0,0,0,0,0,9,1,
2015-01-13,20154100A0080,548220.0,221500.0,0.151585,51.872383,41,3,2,1,3,08:25,432,E10000015,3,1250,6,30,8,4,-1,-1,0,0,1,1,2,0,0,1,1,E01023453,201220Z001582,1,3,2,1,57,9,3,0,0,2,0,0,9,1,East Hertfordshire
2015-01-13,201522F500220,352310.0,311600.0,-2.707159,52.699963,22,3,3,1,3,08:15,286,E06000051,3,5,3,50,0,-1,-1,0,0,0,1,1,1,0,0,2,1,E01028959,2012130347575,1,4,2,1,31,6,3,0,0,1,0,0,9,1,
2015-01-13,201522F500222,349100.0,316800.0,-2.755464,52.746411,22,3,1,1,3,13:30,286,E06000051,6,0,6,60,0,-1,-1,0,0,0,1,1,2,6,0,2,1,E01028929,2012130347575,2,2,1,2,30,6,3,0,0,0,0,0,9,1,
2015-01-13,201501GD10035,533650.0,187560.0,-0.072929,51.571077,1,3,2,1,3,15:10,4,E09000012,3,10,6,30,3,4,6,0,0,4,1,1,2,0,0,1,1,E01001808,201201CW11672,1,1,3,2,24,5,3,5,1,0,0,2,0,1,London
2015-01-13,201501GD10029,531520.0,186750.0,-0.103948,51.564298,1,3,1,1,3,16:45,3,E09000019,3,1201,6,30,3,4,3,1201,0,1,4,1,1,0,0,1,1,E01002748,201201CW11670,1,1,1,1,48,8,3,0,0,0,0,0,5,1,London
2015-01-13,201536T150011,618993.0,309717.0,1.235316,52.640972,36,3,2,1,3,17:15,406,E10000020,3,1074,6,30,3,2,5,171,0,5,4,2,2,0,0,1,2,E01026918,201220M016862,1,1,3,2,14,3,3,5,1,0,0,0,0,1,Norwich
2015-01-13,201522F500254,354130.0,312050.0,-2.680291,52.704165,22,3,3,2,3,09:30,286,E06000051,3,5,3,70,0,-1,-1,0,0,0,1,1,2,4,0,2,1,E01028959,2012130347748,1,1,2,1,21,5,3,0,0,1,0,0,9,1,
2015-01-13,201522F500467,374070.0,307900.0,-2.384871,52.668186,22,3,2,2,3,18:24,286,E06000051,3,464,6,60,0,-1,-1,0,0,0,6,2,2,0,0,2,1,E01028855,2012130348573,2,1,1,1,46,8,3,0,0,0,0,0,3,-1,
2015-01-13,2015100070215,425588.0,568121.0,-1.601465,55.006999,10,3,2,1,3,13:00,147,E08000021,3,189,1,30,1,4,3,191,0,4,1,1,1,0,0,1,1,E01008321,201205AA02657,2,1,1,2,45,7,3,0,0,0,0,0,9,1,Newcastle upon Tyne
2015-01-13,2015405DA0036,494948.0,237676.0,-0.617451,52.029378,40,3,2,1,3,20:17,424,E06000056,3,421,6,60,8,4,-1,-1,0,0,4,1,1,0,0,2,1,E01017379,201220W039692,2,1,1,1,50,8,3,0,0,0,0,0,4,1,
2015-01-13,2015405DA0029,503879.0,225908.0,-0.490878,51.922013,40,3,3,2,3,15:25,424,E06000056,4,579,6,60,3,4,5,198,0,0,1,1,2,0,0,2,1,E01017620,201220W038722,1,1,3,1,3,1,3,5,3,0,0,0,0,1,
2015-01-13,2015405DA0019,495408.0,241968.0,-0.609551,52.067876,40,3,1,1,3,15:23,424,E06000056,5,70,6,30,0,-1,-1,0,0,1,1,1,1,0,0,2,1,E01017397,201220W038502,1,1,2,1,57,9,3,0,0,1,0,0,9,1,
2015-01-13,201520J601165,392870.0,286900.0,-2.106411,52.479977,20,3,1,1,3,20:30,303,E08000027,3,4036,3,30,0,-1,-1,0,0,0,4,2,2,0,0,1,2,E01009741,201211SC21342,3,2,1,1,30,6,3,0,0,0,0,0,1,1,
2015-01-13,201501TX20245,520450.0,178050.0,-0.266545,51.48858,1,3,2,1,3,11:20,25,E09000018,5,0,6,30,6,4,6,0,0,0,1,1,1,0,0,1,1,E01002690,201201RG40396,1,1,3,1,15,3,3,5,3,0,0,2,0,-1,London
2015-01-13,201506Q096231,392290.0,403570.0,-2.117778,53.528732,6,3,1,1,3,08:45,104,E08000004,6,0,6,20,3,4,6,0,0,0,1,1,1,0,0,1,1,E01005437,201204DA12067,1,1,3,1,4,1,3,5,1,0,0,0,0,1,
2015-01-13,201520K001205,396240.0,291210.0,-2.056841,52.518758,20,2,2,1,3,08:30,305,E08000028,3,461,6,40,3,4,6,0,0,0,1,1,1,0,0,1,1,E01010072,201211SC24512,2,1,2,2,18,4,3,0,0,1,0,0,9,2,Sandwell
2015-01-13,2015460253648,589740.0,161980.0,0.721861,51.325266,46,3,1,1,3,10:30,540,E10000016,6,0,6,30,0,-1,-1,0,0,0,7,9,1,4,0,1,1,E01024631,201232N393112,2,1,1,1,24,5,2,0,0,0,0,0,9,3,Swale