Date,Accident_Index_x,Location_Easting_OSGR,Location_Northing_OSGR,Longitude,Latitude,Police_Force,Accident_Severity,Number_of_Vehicles,Number_of_Casualties,Day_of_Week,Time,Local_Authority_(District),Local_Authority_(Highway),1st_Road_Class,1st_Road_Number,Road_Type,Speed_limit,Junction_Detail,Junction_Control,2nd_Road_Class,2nd_Road_Number,Pedestrian_Crossing-Human_Control,Pedestrian_Crossing-Physical_Facilities,Light_Conditions,Weather_Conditions,Road_Surface_Conditions,Special_Conditions_at_Site,Carriageway_Hazards,Urban_or_Rural_Area,Did_Police_Officer_Attend_Scene_of_Accident,LSOA_of_Accident_Location,Accident_Index_y,Vehicle_Reference,Casualty_Reference,Casualty_Class,Sex_of_Casualty,Age_of_Casualty,Age_Band_of_Casualty,Casualty_Severity,Pedestrian_Location,Pedestrian_Movement,Car_Passenger,Bus_or_Coach_Passenger,Pedestrian_Road_Maintenance_Worker,Casualty_Type,Casualty_Home_Area_Type,city
2015-01-13,201537EA87171,635805.0,245628.0,1.438357,52.058815,37,3,2,1,3,12:10,415,E10000029,5,339,6,30,6,4,6,0,0,0,1,1,2,0,0,2,1,E01033446,201220N029192,2,2,1,1,24,5,3,0,0,0,0,0,9,1,East Suffolk
2015-01-13,201543R092015,487967.0,178134.0,-0.734233,51.495315,43,3,2,1,3,15:40,474,E06000040,1,4,3,70,0,-1,-1,0,0,0,1,1,1,0,0,2,1,E01016562,2012233093512,2,2,1,1,23,5,3,0,0,0,0,0,9,3,
2015-01-13,201537EA87173,621596.0,245749.0,1.231532,52.065762,37,3,2,1,3,17:50,415,E10000029,3,1214,6,30,0,-1,-1,0,0,0,4,1,2,0,0,1,1,E01030184,201220N029242,1,1,1,2,54,8,3,0,0,0,0,0,9,1,East Suffolk
2015-01-13,201537EA87174,613143.0,241719.0,1.105897,52.032897,37,3,6,1,3,07:55,412,E10000029,3,14,3,70,0,-1,-1,0,0,0,1,2,2,0,0,2,1,E01029879,201220N030272,1,1,1,1,14,3,3,0,0,0,0,0,1,3,Babergh
2015-01-13,201501KF60123,538690.0,184400.0,-0.001497,51.541465,1,3,1,1,3,21:05,17,E09000025,3,11,6,30,0,-1,-1,0,0,4,4,1,1,0,0,1,1,E01003617,201201HT20791,1,1,1,1,-1,-1,3,0,0,0,0,0,1,1,London
2015-01-13,201522G500203,368620.0,308080.0,-2.465476,52.669514,22,2,1,1,3,13:45,284,E06000020,4,4373,6,30,1,4,6,0,0,0,1,1,2,0,0,1,1,E01014166,2012130374461,1,1,3,2,49,8,3,5,9,0,0,0,0,1,
2015-01-13,2015520501012,364756.0,138895.0,-2.505242,51.148223,52,2,2,1,3,17:20,606,E10000027,4,3081,6,30,3,4,6,0,0,0,4,1,2,0,0,2,1,E01029028,2012370468612,1,2,2,2,2,1,3,0,0,1,0,0,9,3,Mendip
2015-01-13,201501PY20014,538050.0,165990.0,-0.017901,51.376188,1,2,1,1,3,10:56,19,E09000006,3,232,6,30,3,4,6,0,0,0,1,1,1,0,0,1,1,E01000835,201201LX50474,2,1,1,1,32,6,3,0,0,0,0,0,3,1,London
2015-01-13,2015460252158,611250.0,136670.0,1.015257,51.090423,46,3,2,1,3,20:00,539,E10000016,3,20,6,50,8,4,6,0,0,0,6,2,2,0,0,2,1,E01024536,201232N179812,2,2,1,1,35,6,3,0,0,0,0,0,9,3,Folkestone and Hythe
2015-01-13,201522G500263,375100.0,288750.0,-2.368194,52.496083,22,3,2,2,3,07:00,286,E06000051,3,442,6,60,0,-1,-1,0,0,0,6,1,2,0,0,2,1,E01028828,2012130374501,1,1,1,2,42,7,3,0,0,0,0,0,9,-1,
2015-01-13,201501TW60019,513500.0,169780.0,-0.369251,51.415686,1,3,2,1,3,08:15,24,E09000027,5,0,6,30,3,4,5,0,0,0,1,1,1,0,0,1,2,E01003827,201201QK50636,1,1,1,1,27,6,3,0,0,0,0,0,1,1,London
2015-01-13,201520L000455,413920.0,280140.0,-1.796749,52.419079,20,3,2,1,3,09:59,306,E08000029,6,0,6,30,0,-1,-1,0,0,0,1,4,1,0,0,1,1,E01010195,201211SK28092,2,1,2,2,52,8,3,0,0,1,0,0,9,2,
2015-01-13,2015460252248,571270.0,152490.0,0.452499,51.24587,46,3,2,1,3,11:23,536,E10000016,4,2010,6,60,0,-1,-1,0,0,0,1,2,2,0,0,2,2,E01024346,201232N185312,1,1,1,1,27,6,2,0,0,0,0,0,9,2,
2015-01-13,2015100042715,421317.0,566712.0,-1.668345,54.994538,10,3,2,3,3,19:40,147,E08000021,6,1271,6,20,3,4,6,1271,0,0,4,1,2,0,0,1,1,E01008297,201205AA01798,2,1,1,1,42,7,3,0,0,0,0,0,9,1,Newcastle upon Tyne
2015-01-13,201501PY20020,544100.0,170590.0,0.070832,51.41602,1,3,2,1,3,06:20,19,E09000006,5,0,6,30,6,4,6,0,0,0,4,2,2,0,0,1,1,E01000696,201201LX50476,1,1,1,2,36,7,3,0,0,0,0,0,4,1,London
2015-01-13,201501PY20028,534510.0,169880.0,-0.067259,51.411994,1,3,1,1,3,17:45,19,E09000006,3,214,6,30,8,4,6,0,0,4,4,1,1,0,0,1,1,E01000743,201201LX50485,2,1,1,2,32,6,3,0,0,0,0,0,1,1,London
2015-01-13,2015460252343,551090.0,169120.0,0.170649,51.400994,46,3,1,1,3,06:54,538,E10000016,6,2765,6,30,0,-1,-1,0,0,0,7,9,1,0,0,1,2,E01024482,201232N194712,2,1,1,1,41,7,3,0,0,0,0,0,1,-1,Sevenoaks
2015-01-13,2015460252411,585550.0,162310.0,0.661967,51.329612,46,3,1,1,3,14:26,536,E10000016,3,249,3,70,0,-1,-1,0,0,0,1,5,2,6,0,2,1,E01024387,201232N202712,2,2,2,1,79,11,3,0,0,1,0,0,9,3,Swale
2015-01-13,2015460252510,614090.0,156990.0,1.067847,51.271826,46,3,3,2,3,13:26,531,E10000016,3,28,6,30,0,-1,-1,0,0,0,1,1,1,0,0,1,1,E01024128,201232N214212,2,2,1,2,35,6,3,0,0,0,0,0,9,-1,Canterbury
2015-01-13,2015520500290,354939.0,116000.0,-2.642725,50.94167,52,3,1,1,3,17:04,610,E10000027,6,0,6,30,0,-1,-1,0,0,0,4,1,2,0,0,1,2,E01029241,2012370457312,2,1,1,2,22,5,3,0,0,0,0,0,9,3,South Somerset
2015-01-13,2015520500319,371993.0,128705.0,-2.400988,51.056997,52,3,2,1,3,16:15,610,E10000027,6,0,6,30,3,4,6,0,0,0,1,1,2,0,0,2,2,E01029228,2012370457912,2,1,1,1,31,6,3,0,0,0,0,0,9,1,South Somerset
2015-01-13,2015520500438,339444.0,115030.0,-2.86308,50.931526,52,1,2,3,3,14:40,610,E10000027,6,0,6,60,0,-1,-1,0,0,0,1,1,2,0,0,2,1,E01029217,2012370458112,1,1,1,1,19,4,3,0,0,0,0,0,9,2,South Somerset
2015-01-13,201523M065151,418729.0,287531.0,-1.725627,52.48538,23,2,2,1,3,09:20,290,E10000031,1,6,3,70,0,-1,-1,0,0,0,1,1,1,0,0,2,1,E01031022,2012130410958,3,2,1,1,26,6,3,0,0,0,0,0,19,3,North Warwickshire
2015-01-13,201501BS70005,524420.0,181080.0,-0.208327,51.514952,1,3,1,1,3,07:40,12,E09000020,4,450,6,30,6,4,6,0,0,0,1,1,2,0,0,1,2,E01002874,201197ND01005,2,2,2,2,49,8,3,0,0,1,0,0,9,1,London
2015-01-13,201511SA00865,417655.0,529738.0,-1.727824,54.662421,11,3,2,1,3,17:09,169,E06000047,5,93,6,30,0,-1,-1,0,0,0,4,6,3,0,0,2,1,E01020882,201205EE06251,2,1,1,1,48,8,3,0,0,0,0,0,9,1,
2015-01-13,2015520501093,324954.0,125602.0,-3.071423,51.024869,52,3,2,1,3,09:30,608,E10000027,3,38,6,30,7,2,3,358,0,0,1,5,2,0,0,1,1,E01029318,2012370469112,2,1,1,2,46,8,3,0,0,0,0,0,9,3,Somerset West and Taunton
2015-01-13,20151321D1551,430909.0,436134.0,-1.531975,53.820568,13,3,1,1,3,23:20,204,E08000035,6,0,6,30,0,-1,-1,0,0,4,4,2,2,0,0,1,1,E01011356,201206F068869,2,1,1,2,32,6,3,0,0,0,0,0,1,1,Leeds
2015-01-13,201514A005115,465380.0,414232.0,-1.013042,53.620557,14,3,1,1,3,15:15,211,E08000017,6,0,6,60,0,-1,-1,0,0,0,1,1,1,0,0,2,1,E01007625,2012070097310,2,4,2,1,2,1,3,0,0,2,0,0,9,1,Doncaster
2015-01-13,2015460252115,580976.0,164316.0,0.597404,51.349103,46,3,3,2,3,15:40,544,E06000035,6,0,6,30,3,4,6,0,0,0,1,1,2,0,0,1,1,E01016105,201232N173112,1,2,2,1,17,4,3,0,0,1,0,0,9,3,
2015-01-13,2015460251897,552810.0,159370.0,0.191171,51.312929,46,3,2,1,3,12:00,538,E10000016,3,225,6,30,3,4,6,0,0,0,1,1,2,4,0,2,1,E01024452,201232N140412,1,5,2,2,16,4,3,0,0,0,4,0,11,3,Sevenoaks
2015-01-13,2015460251898,578000.0,157300.0,0.551215,51.287019,46,3,2,2,3,13:42,536,E10000016,3,249,1,70,1,4,1,20,0,0,1,5,2,0,0,2,1,E01024336,201232N140712,1,1,1,2,18,4,3,0,0,0,0,0,9,1,
2015-01-13,2015460251918,590450.0,163970.0,0.733103,51.342902,46,3,1,1,3,15:20,540,E10000016,4,2006,6,30,0,-1,-1,0,0,1,1,1,1,0,0,1,2,E01024561,201232N143112,1,1,2,2,59,9,1,0,0,1,0,0,9,1,Swale
2015-01-13,2015460251934,559040.0,145520.0,0.274338,51.186784,46,3,2,1,3,17:15,542,E10000016,3,2014,6,30,3,4,6,0,0,0,4,1,2,0,0,1,1,E01024778,201232N144012,1,1,1,1,45,7,3,0,0,0,0,0,20,2,Tonbridge and Malling
2015-01-13,2015460251936,636150.0,168120.0,1.390903,51.363023,46,3,2,1,3,13:45,541,E10000016,6,4152,6,30,3,4,6,0,0,0,1,9,1,0,0,1,1,E01024701,201232N144512,1,1,3,1,32,6,3,9,5,0,0,0,0,2,
2015-01-13,2015460251939,573210.0,158190.0,0.483026,51.29649,46,3,2,1,3,06:45,542,E10000016,1,20,3,70,0,-1,-1,0,0,0,6,2,2,0,0,2,1,E01024717,201232N146012,1,1,1,2,76,11,3,0,0,0,0,0,1,1,Tonbridge and Malling
2015-01-13,2015331500030,458676.0,303917.0,-1.134526,52.629846,33,2,2,1,3,18:15,364,E06000016,6,1765,2,30,8,4,6,6,0,0,4,1,1,0,0,1,2,E01032868,2012160B05101,2,2,1,2,37,7,3,0,0,0,0,0,9,3,Leicester
2015-01-13,2015460251954,576893.0,168256.0,0.540794,51.38578,46,3,2,1,3,14:16,544,E06000035,6,0,6,30,3,4,6,0,0,0,1,1,2,0,0,1,1,E01016049,201232N149012,1,1,1,1,21,5,3,0,0,0,0,0,3,2,
2015-01-13,2015460251958,574980.0,169849.0,0.514115,51.400683,46,3,2,1,3,14:10,544,E06000035,6,0,6,30,3,4,6,0,0,0,1,1,2,0,0,1,1,E01016147,201232N149612,2,2,2,2,20,4,2,0,0,1,0,0,9,3,
2015-01-13,2015460251970,591480.0,163900.0,0.747835,51.341928,46,3,2,1,3,16:00,540,E10000016,6,4007,6,30,3,4,6,0,0,0,1,1,1,0,0,1,1,E01024590,201232N151912,2,2,2,1,40,7,2,0,0,1,0,0,21,-1,Swale
2015-01-13,2015460251986,572900.0,158360.0,0.478666,51.298111,46,3,2,1,3,07:55,542,E10000016,1,20,3,70,0,-1,-1,0,0,0,1,9,1,0,0,2,2,E01024717,201232N152412,1,2,2,1,21,5,2,0,0,1,0,0,9,1,Tonbridge and Malling
2015-01-13,2015460252008,593930.0,171620.0,0.787178,51.410432,46,3,2,1,3,17:15,540,E10000016,3,2500,1,30,1,4,6,0,0,0,7,4,2,0,0,2,2,E01024595,201232N155312,3,2,1,1,32,6,3,0,0,0,0,0,9,3,Swale
2015-01-13,201543R125015,483863.0,161406.0,-0.797289,51.34556,43,2,1,1,3,08:12,470,E06000036,3,321,6,30,0,-1,-1,0,0,4,1,1,2,0,0,1,1,E01016192,2012233126912,1,1,1,2,30,6,3,0,0,0,0,0,9,3,
2015-01-13,2015460252011,578950.0,138550.0,0.555482,51.118292,46,3,2,2,3,14:09,543,E10000016,3,229,6,40,8,4,6,0,0,0,1,2,2,0,0,2,1,E01024803,201232N159212,1,1,1,1,45,7,3,0,0,0,0,0,9,1,Tunbridge Wells
2015-01-13,2015460252016,616090.0,156630.0,1.096257,51.267839,46,3,2,1,3,07:40,531,E10000016,3,2050,6,30,7,3,6,0,0,0,1,2,2,0,0,1,2,E01024046,201232N160812,1,1,2,2,59,9,3,0,0,1,0,0,9,3,Canterbury
2015-01-13,201514A013415,465012.0,401138.0,-1.021324,53.502927,14,3,2,2,3,07:35,211,E08000017,4,1396,6,30,3,4,6,0,0,0,4,1,1,0,0,2,2,E01007600,2012070099149,1,1,3,2,79,11,3,9,9,0,0,0,0,1,Doncaster
2015-01-13,201501KF60028,540350.0,183460.0,0.022049,51.532609,1,3,2,1,3,12:14,17,E09000025,3,114,6,30,3,4,6,0,0,0,1,2,2,0,0,1,1,E01003592,201201HT20728,2,1,1,1,42,7,3,0,0,0,0,0,1,1,London
2015-01-13,201543R185015,499598.0,179498.0,-0.566357,51.505648,43,3,2,1,3,13:29,473,E06000039,6,7302,6,30,8,4,6,0,0,0,1,1,1,0,0,1,1,E01016510,2012233621712,2,1,1,1,25,5,3,0,0,0,0,0,9,1,
2015-01-13,2015460252073,559600.0,146760.0,0.282895,51.19777,46,2,1,1,3,12:41,542,E10000016,3,26,6,40,0,-1,-1,0,0,8,1,2,2,0,0,1,1,E01024768,201232N163612,1,2,2,1,16,4,3,0,0,1,0,0,9,-1,Tonbridge and Malling
2015-01-13,201501KF60095,541270.0,180940.0,0.034295,51.509735,1,3,1,1,3,15:50,17,E09000025,3,112,6,30,6,2,3,112,0,5,1,1,2,0,0,1,1,E01003515,201201HT20771,1,1,1,2,22,5,3,0,0,0,0,0,1,1,London
2015-01-13,201514A006815,453855.0,398694.0,-1.189929,53.482219,14,2,1,1,3,15:45,211,E08000017,4,6376,6,30,0,-1,-1,0,0,1,1,1,1,0,0,1,1,E01007547,2012070097473,1,3,2,2,12,3,3,0,0,2,0,0,9,1,Doncaster
2015-01-13,201543R136015,487602.0,179279.0,-0.739205,51.505664,43,3,2,1,3,06:50,474,E06000040,6,7417,1,30,1,4,6,7417,0,0,4,1,2,0,0,1,1,E01016562,2012233504912,1,1,1,1,17,4,2,0,0,0,0,0,5,1,
2015-01-13,2015300011753,448860.0,333200.0,-1.275183,52.894036,30,3,2,1,3,16:45,324,E10000007,4,6540,6,30,3,4,6,0,0,0,4,9,1,0,0,1,2,E01019676,2012130495054,1,1,1,2,18,4,3,0,0,0,0,0,9,1,Erewash
2015-01-13,20151321D1303,431698.0,433636.0,-1.520247,53.79807,13,3,2,5,3,20:21,204,E08000035,3,64,3,40,0,-1,-1,0,0,0,4,1,1,4,0,1,1,E01033021,201206F068773,1,1,3,2,51,8,2,5,3,0,0,0,0,1,Leeds
2015-01-13,20151321D1076,425639.0,426885.0,-1.612789,53.737726,13,3,2,2,3,18:00,204,E08000035,3,650,6,40,6,2,4,6123,0,5,1,4,1,0,0,1,1,E01011534,201206F068707,1,1,1,2,22,5,3,0,0,0,0,0,9,1,Leeds
2015-01-13,2015100034515,436706.0,570085.0,-1.427392,55.023954,10,3,2,1,3,07:00,148,E08000022,5,206,6,30,3,4,6,2121,0,0,4,1,2,0,0,2,1,E01008562,201205AA01548,2,2,1,2,53,8,3,0,0,0,0,0,9,1,North Tyneside
2015-01-13,20154100D0016,505540.0,207230.0,-0.472425,51.753829,41,3,2,1,3,11:00,431,E10000015,6,829,3,30,2,4,6,574,0,8,1,1,1,0,0,1,1,E01023398,2012212001417,2,1,1,1,22,5,3,0,0,0,0,0,9,2,Dacorum
2015-01-13,20154100D0010,492630.0,211990.0,-0.658127,51.798895,41,3,1,1,3,08:20,431,E10000015,6,1157,6,30,0,-1,-1,0,0,0,1,1,2,0,0,1,2,E01023421,2012212001417,1,2,1,2,67,10,3,0,0,0,0,0,9,1,Dacorum
2015-01-13,2015521500293,364081.0,179432.0,-2.518992,51.512664,52,1,2,1,3,10:45,612,E06000025,1,32,3,70,1,4,1,4,0,0,1,2,2,0,0,1,1,E01033333,2012400BA0926,2,3,1,1,24,5,3,0,0,0,0,0,9,-1,
2015-01-13,201522C500236,388380.0,254930.0,-2.171406,52.192484,22,3,1,1,3,22:15,276,E10000034,4,4636,6,60,1,4,3,4440,0,0,4,2,2,0,0,2,1,E01032339,2012130253194,1,1,1,1,30,6,3,0,0,0,0,0,9,-1,Worcester
2015-01-13,2015521500284,361051.0,173231.0,-2.561967,51.456709,52,3,2,1,3,14:30,601,E06000023,6,0,6,20,0,-1,-1,0,0,0,1,1,1,0,0,1,2,E01014567,2012400BA0924,1,1,1,1,76,11,3,0,0,0,0,0,9,2,Bristol
2015-01-13,201522C500240,389030.0,261590.0,-2.162115,52.252373,22,2,2,1,3,20:15,277,E10000034,3,38,1,40,1,4,6,0,0,0,4,2,2,0,0,2,1,E01032364,2012130253194,2,2,1,1,45,7,3,0,0,0,0,0,9,-1,Wychavon
2015-01-13,2015521500258,358983.0,172064.0,-2.591593,51.44607,52,3,2,1,3,09:15,601,E06000023,6,0,1,30,1,2,3,38,0,5,1,1,2,0,0,1,2,E01014540,2012400BA0916,1,1,2,2,97,11,3,0,0,1,0,0,9,1,Bristol
2015-01-13,20151321C0387,431966.0,435835.0,-1.515951,53.817817,13,3,2,1,3,09:15,204,E08000035,6,0,6,30,3,4,3,58,0,0,1,4,1,0,0,1,2,E01011422,201206F068046,2,1,1,1,47,8,2,0,0,0,0,0,3,1,Leeds
2015-01-13,2015100032515,424231.0,563833.0,-1.623042,54.968535,10,3,2,1,3,00:01,147,E08000021,3,189,3,30,6,2,3,186,0,0,1,1,1,0,0,1,1,E01033545,201205AA01526,1,2,2,1,19,4,3,0,0,1,0,0,9,1,Newcastle upon Tyne
2015-01-13,201501CW10018,526720.0,182070.0,-0.174843,51.523338,1,3,2,1,3,14:35,1,E09000033,3,5,6,30,3,4,6,0,0,4,1,2,2,0,0,1,1,E01033598,201197QD01206,1,6,2,1,24,5,3,0,0,2,0,0,9,1,City of Westminster
2015-01-13,201501CW10010,527640.0,181310.0,-0.161864,51.516301,1,3,2,1,3,16:25,1,E09000033,5,0,6,30,6,2,5,0,0,5,4,1,1,0,0,1,1,E01004663,201197QD01105,2,1,1,1,23,5,3,0,0,0,0,0,9,1,City of Westminster
2015-01-13,201501CW10007,526510.0,183030.0,-0.177523,51.532012,1,3,1,1,3,10:41,1,E09000033,4,507,6,30,3,4,5,0,0,1,1,1,2,0,0,1,1,E01004651,201197QD01103,1,1,3,1,13,3,3,5,1,0,0,0,0,-1,City of Westminster
2015-01-13,201501CW10006,530020.0,180360.0,-0.127933,51.507221,1,3,2,1,3,10:11,1,E09000033,3,4,1,30,1,2,5,0,0,5,1,1,1,0,0,1,1,E01004736,201197QD01007,1,1,1,2,78,11,3,0,0,0,0,0,9,1,City of Westminster
2015-01-13,201501CW10004,529750.0,180910.0,-0.131619,51.512226,1,3,1,1,3,00:29,1,E09000033,5,0,2,30,6,4,3,401,0,0,4,1,1,0,0,1,1,E01004763,201197QD01001,2,1,1,2,26,6,3,0,0,0,0,0,9,-1,City of Westminster
2015-01-13,20151321D0227,432292.0,444272.0,-1.510115,53.893625,13,3,3,1,3,08:28,204,E08000035,3,61,6,60,0,-1,-1,0,0,0,1,1,2,0,0,2,1,E01011561,201206F068445,1,1,1,2,27,6,3,0,0,0,0,0,9,1,Leeds
2015-01-13,201523S030034,406774.0,253744.0,-1.902344,52.181906,23,3,2,1,3,09:35,293,E10000031,4,4088,6,40,6,4,6,0,0,0,1,1,1,0,0,2,1,E01031189,2012130476814,2,3,2,1,27,6,3,0,0,2,0,0,9,1,Stratford-on-Avon
2015-01-13,201501XD80027,518530.0,182490.0,-0.292694,51.528889,1,3,2,1,3,18:57,27,E09000009,3,406,3,40,3,4,6,0,0,4,4,2,2,0,0,1,1,E01001278,201201TA00559,2,2,1,1,33,6,2,0,0,0,0,0,1,1,London
2015-01-13,201501XD80028,515940.0,182940.0,-0.329866,51.533471,1,3,2,1,3,22:22,27,E09000009,3,40,2,30,6,2,4,452,0,0,4,1,2,0,0,1,1,E01001349,201201TA00560,1,1,3,1,42,7,2,5,3,0,0,2,0,1,London
2015-01-13,201514B003615,439912.0,403092.0,-1.399463,53.522987,14,3,1,1,3,10:55,210,E08000016,6,0,6,30,0,-1,-1,0,0,0,1,1,1,0,0,1,1,E01007449,2012070170354,2,1,1,1,47,8,3,0,0,0,0,0,4,1,
2015-01-13,201501CW10011,529970.0,180810.0,-0.128488,51.511277,1,3,1,1,3,21:28,1,E09000033,3,400,6,30,6,2,4,402,0,5,4,1,1,0,0,1,1,E01004734,201197QD01107,1,1,1,2,22,5,3,0,0,0,0,0,9,1,City of Westminster
2015-01-13,201543W070015,472355.0,173300.0,-0.960067,51.454068,43,3,1,1,3,13:21,472,E06000038,3,329,2,30,5,4,3,329,0,1,1,1,2,0,0,1,1,E01033421,201230C000806,1,1,1,1,47,8,3,0,0,0,0,0,9,1,
2015-01-13,2015100032415,416610.0,623832.0,-1.738571,55.507979,10,3,2,1,3,08:31,139,E06000048,3,1,3,70,0,-1,-1,0,0,0,1,1,4,5,0,2,1,E01027384,201205AA01526,1,1,2,1,19,4,3,0,0,2,0,0,9,1,
2015-01-13,2015521500384,370610.0,182508.0,-2.425169,51.540699,52,3,2,1,3,17:25,612,E06000025,3,432,6,30,3,2,6,0,0,0,4,1,1,0,0,1,2,E01015020,2012400CA0023,1,1,3,2,17,4,3,6,9,0,0,0,0,1,
2015-01-13,2015300011667,439780.0,339370.0,-1.409387,52.950243,30,3,2,1,3,14:36,323,E06000015,5,16,6,60,3,4,5,9,0,0,1,8,2,0,0,2,1,E01013578,2012130493201,2,1,2,2,38,7,3,0,0,1,0,0,9,1,Derby
2015-01-13,201501SX20106,527190.0,189650.0,-0.165333,51.591352,1,3,1,1,3,17:22,30,E09000003,3,1000,6,30,3,4,6,0,0,1,1,1,1,0,0,1,1,E01000181,201201QA10023,1,1,3,2,89,11,3,5,1,0,0,2,0,-1,London
2015-01-13,2015521500836,361062.0,168320.0,-2.561267,51.412554,52,3,2,1,3,14:00,601,E06000023,6,0,6,30,3,4,6,0,0,0,1,5,2,0,0,1,1,E01014610,2012400CA0154,2,1,1,2,35,6,3,0,0,0,0,0,9,1,Bristol
2015-01-13,2015360087179,596996.0,312480.0,0.912328,52.674205,36,3,4,1,3,18:50,400,E10000020,3,47,6,60,0,-1,-1,0,0,0,6,8,2,0,0,2,1,E01026453,201220K006952,1,1,3,1,4,1,3,5,1,0,0,0,0,1,Breckland
2015-01-13,2015100011015,426697.0,557519.0,-1.585109,54.911672,10,3,2,1,3,10:05,146,E08000020,3,1,3,50,0,-1,-1,0,0,0,1,4,1,4,0,2,2,E01008224,2012050582812,2,1,2,2,66,10,3,0,0,0,4,0,11,-1,Gateshead
2015-01-13,2015521500736,359656.0,174821.0,-2.582225,51.470906,52,3,2,1,3,21:00,601,E06000023,6,0,6,20,3,4,6,0,0,0,4,2,2,0,0,1,1,E01014491,2012400CA0125,2,1,1,1,23,5,3,0,0,0,0,0,9,1,Bristol
2015-01-13,201514C003215,444034.0,397129.0,-1.338128,53.469064,14,3,3,3,3,16:50,213,E08000018,3,633,6,60,3,4,6,0,0,0,4,1,2,0,0,1,1,E01007780,2012070222232,1,1,1,2,19,4,3,0,0,0,0,0,9,1,Rotherham
2015-01-13,201550JI3F001,255328.0,52987.0,-4.035223,50.358964,50,3,1,1,3,21:50,584,E10000008,6,0,6,60,0,-1,-1,0,0,0,6,8,4,0,0,2,1,E01020187,2012370267412,1,6,2,2,18,4,3,0,0,2,0,0,9,3,South Hams
2015-01-13,2015100013515,438319.0,565572.0,-1.402766,54.983281,10,3,1,1,3,15:24,149,E08000023,4,1301,6,30,0,-1,-1,0,0,0,1,1,1,0,0,1,2,E01008650,2012050625512,1,1,3,1,26,6,3,9,9,0,0,1,0,1,South Tyneside
2015-01-13,201504WD15003,336620.0,447860.0,-2.966593,53.92298,4,3,1,1,3,10:25,85,E10000017,4,5270,6,30,0,-1,-1,0,0,0,1,1,1,0,0,2,1,E01025587,201201ZD30394,2,1,1,2,18,4,3,0,0,0,0,0,1,1,Wyre
2015-01-13,201501XD80026,518880.0,182200.0,-0.287749,51.526209,1,3,2,1,3,15:58,27,E09000009,6,0,6,30,6,4,6,0,0,0,1,1,1,0,2,1,1,E01001278,201201TA00559,1,1,1,1,-1,-1,2,0,0,0,0,0,9,1,London
2015-01-13,2015100014815,439688.0,552299.0,-1.383202,54.863906,10,3,1,1,3,15:45,150,E08000024,5,517,6,60,0,-1,-1,0,0,0,1,1,2,0,0,2,1,E01008765,2012050653112,1,1,1,1,52,8,3,0,0,0,0,0,8,1,Sunderland
2015-01-13,2015360087248,621827.0,311422.0,1.278274,52.655125,36,3,2,2,3,15:00,404,E10000020,3,1402,6,30,8,4,6,0,0,0,1,1,1,0,0,1,2,E01026797,201220K007442,1,1,1,1,24,5,3,0,0,0,0,0,5,1,Norwich
2015-01-13,2015360087262,625456.0,284256.0,1.313411,52.409821,36,3,2,2,3,19:13,406,E10000020,5,571,6,60,0,-1,-1,0,0,0,6,2,2,0,0,2,1,E01026901,201220K007592,2,2,2,1,12,3,3,0,0,1,0,0,9,1,South Norfolk
2015-01-13,2015300011651,418500.0,382740.0,-1.723609,53.34124,30,2,1,1,3,21:55,325,E10000007,3,6187,6,50,0,-1,-1,0,0,0,6,3,4,0,0,2,1,E01019736,2012130492831,2,2,2,1,26,6,3,0,0,1,0,0,9,1,High Peak
2015-01-13,2015100017415,439627.0,553209.0,-1.384028,54.872088,10,2,1,1,3,18:20,150,E08000024,4,1286,6,30,3,4,6,5087,0,0,4,1,4,0,0,1,1,E01008767,201205AA01011,1,1,3,1,29,6,3,4,1,0,0,0,0,1,Sunderland
2015-01-13,2015300011645,449390.0,333500.0,-1.267261,52.896684,30,3,2,2,3,13:25,324,E10000007,5,359,6,30,0,-1,-1,0,0,0,1,1,1,0,0,1,1,E01019682,2012130492798,1,1,3,1,53,8,3,6,9,0,0,0,0,1,Erewash
2015-01-13,2015100020315,428845.0,568992.0,-1.550456,55.014649,10,3,2,1,3,07:55,148,E08000022,3,191,6,40,3,4,6,2120,0,0,7,1,2,0,0,1,1,E01008503,201205AA01114,2,1,1,1,55,8,2,0,0,0,0,0,1,1,North Tyneside
2015-01-13,2015100020515,425872.0,562337.0,-1.597545,54.95501,10,3,2,1,3,14:10,146,E08000020,4,1296,6,30,8,4,6,4169,0,0,1,1,2,0,0,1,1,E01008163,201205AA01143,1,1,1,1,31,6,3,0,0,0,0,0,9,-1,Gateshead