Date,Accident_Index_x,Location_Easting_OSGR,Location_Northing_OSGR,Longitude,Latitude,Police_Force,Accident_Severity,Number_of_Vehicles,Number_of_Casualties,Day_of_Week,Time,Local_Authority_(District),Local_Authority_(Highway),1st_Road_Class,1st_Road_Number,Road_Type,Speed_limit,Junction_Detail,Junction_Control,2nd_Road_Class,2nd_Road_Number,Pedestrian_Crossing-Human_Control,Pedestrian_Crossing-Physical_Facilities,Light_Conditions,Weather_Conditions,Road_Surface_Conditions,Special_Conditions_at_Site,Carriageway_Hazards,Urban_or_Rural_Area,Did_Police_Officer_Attend_Scene_of_Accident,LSOA_of_Accident_Location,Accident_Index_y,Vehicle_Reference,Casualty_Reference,Casualty_Class,Sex_of_Casualty,Age_of_Casualty,Age_Band_of_Casualty,Casualty_Severity,Pedestrian_Location,Pedestrian_Movement,Car_Passenger,Bus_or_Coach_Passenger,Pedestrian_Road_Maintenance_Worker,Casualty_Type,Casualty_Home_Area_Type,city
2015-01-13,201520W009075,404370.0,287170.0,-1.937081,52.482436,20,3,2,1,3,09:50,300,E08000025,6,0,6,30,0,-1,-1,0,0,0,1,1,1,0,0,1,2,E01009153,2012120174586,1,1,1,1,22,5,2,0,0,0,0,0,9,1,Birmingham
2015-01-13,2015540704415,390468.0,169349.0,-2.138478,51.423069,54,3,1,1,3,20:16,635,E06000054,5,150,6,40,0,-1,-1,0,0,0,6,1,2,0,0,2,1,E01031942,20124100D0645,1,1,1,1,17,4,3,0,0,0,0,0,2,1,
2015-01-13,201501VW40023,528460.0,168590.0,-0.154669,51.401803,1,3,2,1,3,11:40,22,E09000024,5,0,6,30,0,-1,-1,0,0,0,1,1,2,0,0,1,1,E01003435,201201SX20215,1,1,3,1,56,9,3,6,9,0,0,2,0,1,London
2015-01-13,2015520500549,373012.0,153661.0,-2.38833,51.281445,52,3,2,2,3,13:30,606,E10000027,6,0,6,60,0,-1,-1,0,0,0,1,1,2,0,0,2,1,E01029057,2012370458312,2,3,2,1,17,4,3,0,0,1,0,0,9,3,Mendip
2015-01-13,2015170L20065,454471.0,518812.0,-1.15916,54.561618,17,2,1,1,3,17:12,241,E06000003,5,109,6,30,3,4,6,0,0,0,4,3,3,0,0,1,1,E01012174,2012100447712,1,1,3,2,52,8,3,8,5,0,0,0,0,1,
2015-01-13,201501XH30147,509230.0,187370.0,-0.42519,51.574624,1,3,1,1,3,11:15,26,E09000017,3,4180,6,30,6,4,3,4180,0,1,1,1,1,0,0,1,1,E01002535,201201TB00594,1,1,1,1,24,5,3,0,0,0,0,0,9,1,London
2015-01-13,201501QK50084,521320.0,188660.0,-0.250368,51.583748,1,3,2,2,3,19:43,28,E09000005,3,4006,6,30,3,4,6,0,0,0,4,1,2,0,0,1,1,E01000513,201201MM70789,2,1,1,1,28,6,3,0,0,0,0,0,1,1,London
2015-01-13,201506E096339,385310.0,397000.0,-2.222763,53.469528,6,3,2,1,3,18:10,102,E08000003,3,6,3,40,3,4,6,0,0,0,4,1,2,0,0,1,1,E01005065,201204AX12022,1,1,3,2,45,7,3,10,1,0,0,0,0,1,Manchester
2015-01-13,201501WW50062,526740.0,173560.0,-0.177606,51.446855,1,2,2,1,3,17:28,10,E09000032,6,0,6,30,0,-1,-1,0,0,0,4,8,2,0,0,1,1,E01004624,201201SX20711,2,1,1,1,25,5,3,0,0,0,0,0,3,1,London
2015-01-13,201506P096468,388980.0,412110.0,-2.168015,53.605432,6,3,2,2,3,19:20,106,E08000005,3,58,3,40,6,2,6,0,0,5,4,6,2,0,0,1,1,E01005473,201204CL12149,2,1,1,1,55,8,2,0,0,0,0,0,1,1,
2015-01-13,2015215000375,385484.0,347245.0,-2.217855,53.022299,21,3,2,1,3,17:45,253,E10000028,3,527,6,30,6,4,6,89,0,0,4,1,1,0,0,1,1,E01029579,2012130174946,1,1,1,1,21,5,1,0,0,0,0,0,9,1,
2015-01-13,201506P096245,388980.0,412110.0,-2.168015,53.605432,6,2,2,4,3,13:00,106,E08000005,3,58,3,40,3,2,6,0,0,5,1,1,1,0,0,1,1,E01005473,201204CL12146,2,3,2,2,24,5,3,0,0,1,0,0,9,1,
2015-01-13,201501WW50047,525290.0,174750.0,-0.198039,51.457872,1,3,2,1,3,13:35,10,E09000032,3,3209,6,30,3,4,3,217,0,0,1,8,2,0,0,1,2,E01004509,201201SX20695,1,1,1,1,-1,-1,3,0,0,0,0,0,9,-1,London
2015-01-13,201550AC3H001,170783.0,40702.0,-5.214724,50.221804,50,3,2,1,3,06:30,596,E06000052,4,3300,1,30,1,4,3,393,0,0,4,1,2,0,0,1,1,E01018917,2012360065600,2,1,1,2,24,5,3,0,0,0,0,0,9,3,
2015-01-13,2015540420515,391589.0,119298.0,-2.121167,50.973033,54,3,3,1,3,18:00,635,E06000054,4,3081,6,60,0,-1,-1,0,0,0,6,2,2,0,7,2,1,E01031991,20124100D0556,1,1,3,1,11,3,2,5,1,0,0,0,0,1,
2015-01-13,201501WW50035,525190.0,173860.0,-0.199793,51.449895,1,3,2,1,3,09:05,10,E09000032,3,218,6,30,6,4,6,0,0,0,1,1,1,0,0,1,2,E01004601,201201SX20686,1,1,1,1,34,6,3,0,0,0,0,0,9,1,London
2015-01-13,2015540416315,415667.0,187422.0,-1.775271,51.585439,54,3,2,1,3,17:00,633,E06000030,3,4311,6,30,2,4,4,4006,0,0,4,8,2,0,0,1,2,E01015543,20124100D0555,2,2,2,2,73,10,3,0,0,1,0,0,9,1,
2015-01-13,201531A010415,451122.0,356522.0,-1.237883,53.103453,31,3,2,1,3,12:00,340,E10000024,6,0,6,30,3,4,6,0,0,0,1,1,1,0,0,1,1,E01027953,201214A162712,1,1,1,1,41,7,3,0,0,0,0,0,1,1,Ashfield
2015-01-13,201501XH30057,505980.0,180640.0,-0.474095,51.514753,1,2,1,2,3,13:05,26,E09000017,5,0,6,30,0,-1,-1,0,0,4,1,1,2,0,0,1,1,E01002554,201201TB00525,1,1,3,1,44,7,3,4,1,0,0,2,0,-1,London
2015-01-13,2015540406615,399939.0,170655.0,-2.002267,51.434894,54,3,1,1,3,09:45,635,E06000054,3,4,6,30,0,-1,-1,0,0,0,1,1,1,0,0,1,1,E01031903,20124100D0555,2,1,1,2,24,5,3,0,0,0,0,0,9,1,
2015-01-13,201531A004115,453649.0,361041.0,-1.199389,53.143823,31,3,1,1,3,13:28,344,E10000024,6,0,6,20,0,-1,-1,0,0,0,1,2,2,0,0,1,1,E01028284,201214A161012,2,1,1,1,43,7,3,0,0,0,0,0,1,1,Mansfield
2015-01-13,2015120006819,456649.0,453894.0,-1.137743,53.978012,12,2,2,1,3,07:50,189,E06000014,3,1237,6,60,0,-1,-1,0,0,0,1,1,1,0,0,2,1,E01013422,201205FF05147,2,1,2,1,22,5,3,0,0,2,0,0,8,1,
2015-01-13,201501WW50012,527950.0,171460.0,-0.160962,51.42771,1,3,1,1,3,08:40,10,E09000032,5,0,6,30,6,4,6,0,0,0,1,1,1,0,0,1,1,E01004533,201201SX20675,1,2,2,2,31,6,3,0,0,1,0,0,9,1,London
2015-01-13,201506E096003,384870.0,396740.0,-2.229378,53.467179,6,1,2,1,3,07:36,102,E08000003,3,34,3,30,6,2,5,0,0,5,4,1,2,0,0,1,1,E01005062,201204AX12016,2,1,1,1,71,10,3,0,0,0,0,0,9,1,Manchester
2015-01-13,2015540403115,416641.0,125527.0,-1.764081,51.028871,54,3,3,2,3,10:21,635,E06000054,3,338,6,60,0,-1,-1,0,0,0,1,1,1,0,0,2,1,E01032000,20124100D0545,2,1,1,1,61,9,3,0,0,0,0,0,9,1,
2015-01-13,201506P096528,382540.0,410470.0,-2.265247,53.590515,6,3,1,2,3,08:35,106,E08000005,5,0,6,30,0,-1,-1,0,0,0,1,1,2,0,0,1,1,E01005514,201204CL12152,1,1,1,1,13,3,3,0,0,0,0,0,1,1,
2015-01-13,2015170S10075,440639.0,518972.0,-1.373023,54.564352,17,3,2,1,3,17:25,245,E06000004,5,138,6,50,8,4,6,0,0,0,6,4,2,0,0,2,1,E01012225,2012100520712,2,5,2,2,44,7,3,0,0,0,4,0,11,1,
2015-01-13,201501MM70037,532420.0,177470.0,-0.094455,51.480694,1,3,2,1,3,07:27,8,E09000028,3,215,6,30,6,4,3,215,0,4,4,2,2,0,0,1,2,E01003924,201201KF60067,2,1,1,2,24,5,3,0,0,0,0,0,9,1,London
2015-01-13,201504SA15053,351890.0,428110.0,-2.730998,53.74713,4,3,2,1,3,15:25,83,E10000017,6,0,6,20,0,-1,-1,0,0,0,1,1,1,0,0,1,1,E01025466,201201XH30824,1,1,3,2,11,3,3,5,1,0,0,2,0,1,South Ribble
2015-01-13,201501VW40041,529360.0,168600.0,-0.141735,51.401688,1,3,2,1,3,15:50,22,E09000024,4,272,6,30,3,4,6,0,0,0,1,1,2,0,0,1,1,E01003416,201201SX20230,1,1,1,2,36,7,3,0,0,0,0,0,9,1,London
2015-01-13,201560S006043,319247.0,374451.0,-3.212045,53.260889,60,3,2,1,3,19:38,724,W06000005,6,0,6,30,0,-1,-1,0,0,0,6,6,4,0,0,1,1,W01000306,201242I095204,1,1,3,2,54,8,2,10,9,0,0,2,0,1,
2015-01-13,2015170M20025,452233.0,519907.0,-1.193571,54.571693,17,3,2,1,3,09:35,243,E06000002,6,0,6,30,6,4,6,0,0,0,1,1,2,0,0,1,1,E01012060,2012100509412,1,1,1,2,21,5,2,0,0,0,0,0,9,1,
2015-01-13,2015170L10075,465586.0,518503.0,-0.987371,54.557525,17,3,1,1,3,13:40,241,E06000003,6,0,6,30,0,-1,-1,0,0,0,1,1,2,0,0,2,1,E01012164,2012100439312,2,1,1,1,20,4,3,0,0,0,0,0,9,1,
2015-01-13,201560S005930,323554.0,364129.0,-3.145016,53.168764,60,3,1,1,3,15:01,724,W06000005,6,0,6,30,9,4,6,0,0,0,1,1,2,0,0,1,1,W01000314,201242I095104,1,1,1,1,51,8,3,0,0,0,0,0,3,1,
2015-01-13,2015215000334,390350.0,325884.0,-2.14467,52.830391,21,3,2,2,3,07:20,255,E10000028,1,6,3,70,5,4,1,6,0,0,7,1,1,0,0,2,1,E01029743,2012130172896,1,1,1,2,48,8,3,0,0,0,0,0,9,3,Stafford
2015-01-13,201501QK50080,517790.0,187750.0,-0.301597,51.576318,1,3,2,1,3,10:19,28,E09000005,5,0,6,30,0,-1,-1,0,0,0,1,1,1,0,0,1,1,E01000540,201201MM70785,2,1,1,1,16,4,3,0,0,0,0,0,1,1,London
2015-01-13,201550CB2E002,256177.0,131448.0,-4.053895,51.064301,50,3,3,1,3,07:48,582,E10000008,3,361,6,60,0,-1,-1,0,0,0,1,2,2,0,0,2,1,E01020122,2012360067093,3,1,1,1,55,8,3,0,0,0,0,0,5,1,North Devon
2015-01-14,201504EF15013,386280.0,438050.0,-2.209978,53.838517,4,3,1,1,4,16:40,77,E10000017,6,0,6,30,0,-1,-1,0,0,5,4,1,2,0,0,1,1,E01025182,201201XH30188,1,1,1,1,48,8,3,0,0,0,0,0,5,1,Pendle
2015-01-14,2015170S10045,441343.0,521368.0,-1.3618,54.585826,17,2,2,1,4,19:40,245,E06000004,5,143,6,30,3,4,6,0,0,4,4,5,2,0,0,1,1,E01032543,2012100520712,2,3,2,2,76,11,3,0,0,0,4,0,11,-1,
2015-01-14,20151321E0578,426068.0,427720.0,-1.606216,53.745209,13,3,2,2,4,13:28,204,E08000035,6,0,1,30,2,4,6,0,0,4,1,1,1,0,0,1,1,E01011541,201206FA62765,1,1,3,2,35,6,3,5,1,0,0,0,0,1,Leeds
2015-01-14,20151321E0436,442518.0,419979.0,-1.357862,53.674558,13,2,1,1,4,11:55,206,E08000036,3,645,6,30,3,4,6,0,0,5,1,1,1,0,0,1,1,E01011783,201206FA62523,1,1,3,2,37,7,3,2,2,0,0,0,0,1,Wakefield
2015-01-14,20154100B0039,525040.0,211020.0,-0.188703,51.783879,41,3,2,1,4,07:50,438,E10000015,5,149,6,30,8,4,-1,-1,0,0,1,1,1,0,0,1,1,E01023946,2012212000277,2,1,1,1,22,5,3,0,0,0,0,0,3,2,Welwyn Hatfield
2015-01-14,201523S030049,418594.0,256307.0,-1.729333,52.204679,23,3,1,1,4,17:45,293,E10000031,6,0,6,30,0,-1,-1,0,0,0,4,4,2,0,0,1,2,E01031236,2012130477003,1,1,1,1,49,8,3,0,0,0,0,0,9,1,Stratford-on-Avon
2015-01-14,20151321E0206,428042.0,427809.0,-1.576277,53.745907,13,3,2,2,4,08:44,204,E08000035,4,6123,6,30,0,-1,-1,0,0,0,1,1,2,0,0,1,1,E01011540,201206F069057,1,1,1,1,30,6,3,0,0,0,0,0,9,1,Leeds
2015-01-14,2015320002335,534033.0,342887.0,-0.005734,52.966599,32,3,2,1,4,06:01,350,E10000019,5,764,6,30,3,4,6,0,0,0,4,1,4,0,0,1,1,E01026027,201214K206112,1,1,2,1,51,8,3,0,0,2,0,0,8,1,Boston
2015-01-14,201501QK50120,519720.0,188850.0,-0.273385,51.585798,1,3,1,1,4,08:40,28,E09000005,3,4006,6,30,3,4,3,4006,0,8,1,1,1,0,0,1,1,E01000515,201201MM70822,1,1,3,1,46,8,3,4,3,0,0,2,0,1,London
2015-01-14,201501CP00023,532420.0,180820.0,-0.0932,51.510798,48,3,1,1,4,17:53,570,E09000001,3,3211,3,40,3,2,3,300,0,5,4,1,1,0,0,1,1,E01032739,201197QB07109,1,1,3,2,54,8,3,7,1,0,0,0,0,1,City of London
2015-01-14,201522E500246,349960.0,238570.0,-2.731008,52.043255,22,3,1,1,4,11:05,285,E06000019,6,0,6,30,0,-1,-1,0,0,0,1,1,2,0,0,1,2,E01013994,2012130324142,1,3,2,1,18,4,3,0,0,2,0,0,8,1,
2015-01-14,20151321E0386,428607.0,431051.0,-1.567411,53.775015,13,3,2,1,4,11:14,204,E08000035,6,0,6,30,3,4,6,0,0,0,1,1,2,0,0,1,1,E01011369,201206F069168,2,1,1,1,39,7,3,0,0,0,0,0,1,1,Leeds
2015-01-14,201501PL60081,536010.0,175270.0,-0.043635,51.460073,1,3,1,1,4,09:00,7,E09000023,6,0,6,30,0,-1,-1,0,0,1,1,1,1,0,0,1,1,E01003336,201201KG70165,1,1,1,1,55,8,3,0,0,0,0,0,9,1,London
2015-01-14,2015160D00131,509271.0,432836.0,-0.343177,53.780394,16,3,2,1,4,08:45,228,E06000010,3,1033,1,30,1,4,3,1033,0,0,1,1,1,0,0,1,1,E01012912,2012100297412,2,1,2,2,52,8,3,0,0,2,0,0,9,-1,Hull
2015-01-14,201522E500243,368940.0,264260.0,-2.456646,52.275605,22,3,2,1,4,17:55,285,E06000019,4,4203,6,60,6,4,4,4204,0,0,6,5,2,0,0,2,1,E01014000,2012130324142,1,2,2,1,20,4,3,0,0,2,0,0,8,1,
2015-01-14,2015471500292,539275.0,109357.0,-0.022169,50.866949,47,3,3,1,4,10:44,554,E10000011,3,27,1,50,1,4,6,0,0,0,1,1,2,0,0,2,1,E01021041,201234WN03272,2,1,2,2,22,5,3,0,0,2,0,0,9,1,Lewes
2015-01-14,2015160D00101,509232.0,433640.0,-0.343484,53.787626,16,2,2,1,4,08:50,228,E06000010,6,0,6,30,3,4,6,0,0,0,1,1,1,0,0,1,1,E01012829,2012100297212,2,1,1,2,28,6,2,0,0,0,0,0,9,2,Hull
2015-01-14,2015100039615,437763.0,552114.0,-1.413215,54.862392,10,3,2,1,4,09:30,150,E08000024,6,5059,6,30,0,-1,-1,0,0,0,1,4,4,0,0,1,1,E01008770,201205AA01706,1,1,1,1,56,9,3,0,0,0,0,0,9,1,Sunderland
2015-01-14,2015215000364,389299.0,351769.0,-2.161133,53.063056,21,3,1,1,4,19:55,257,E06000021,5,612,6,30,0,-1,-1,0,0,4,4,5,2,0,0,1,1,E01014336,2012130174467,1,1,1,1,26,6,3,0,0,0,0,0,19,1,Stoke-on-Trent
2015-01-14,2015160D00091,509825.0,428450.0,-0.336332,53.740873,16,3,3,2,4,13:18,228,E06000010,3,63,3,40,3,4,6,0,0,0,1,1,1,0,0,1,1,E01033104,2012100297012,2,1,1,1,49,8,3,0,0,0,0,0,3,-1,Hull
2015-01-14,201523N035067,448718.0,273528.0,-1.286073,52.357655,23,3,2,1,4,08:15,292,E10000031,6,0,6,30,8,4,6,0,0,0,1,1,4,0,0,1,2,E01031134,2012130440225,3,1,1,1,38,7,3,0,0,0,0,0,9,-1,
2015-01-14,201522E500257,349150.0,240740.0,-2.74314,52.06269,22,3,2,2,4,14:10,285,E06000019,3,438,6,30,3,4,6,0,0,0,1,1,1,0,0,1,1,E01014077,2012130324445,2,1,1,1,34,6,3,0,0,0,0,0,1,1,
2015-01-14,201501XD80034,515830.0,182390.0,-0.331632,51.52855,1,2,1,2,4,19:20,27,E09000009,4,455,6,30,0,-1,-1,0,0,4,4,1,1,0,0,1,1,E01001210,201201TA00567,1,1,1,1,-1,-1,3,0,0,0,0,0,5,-1,London
2015-01-14,201504EF15018,383000.0,430890.0,-2.259424,53.774066,4,3,2,2,4,07:20,72,E10000017,3,646,6,30,6,4,6,0,0,0,1,3,3,0,0,1,1,E01024871,201201XH30192,2,1,1,1,30,6,3,0,0,0,0,0,3,1,Burnley
2015-01-14,2015350004815,551250.0,251010.0,0.208578,52.13669,35,3,2,1,4,08:40,395,E10000003,3,1307,6,60,0,-1,-1,0,0,0,1,1,2,0,0,2,1,E01018289,2012170S30752,1,1,1,2,64,9,3,0,0,0,0,0,9,1,South Cambridgeshire
2015-01-14,201501XD80029,514390.0,182250.0,-0.352426,51.527585,1,3,2,1,4,21:01,27,E09000009,4,455,6,30,6,2,3,4127,0,5,4,2,2,0,0,1,1,E01001261,201201TA00562,1,1,3,2,44,7,2,1,1,0,0,2,0,1,London
2015-01-14,20154100B0064,525470.0,212940.0,-0.181779,51.801036,41,3,2,1,4,08:00,438,E10000015,4,195,6,40,2,4,6,1212,0,7,1,1,2,0,0,1,1,E01023912,2012212000279,1,2,2,1,29,6,3,0,0,1,0,0,9,1,Welwyn Hatfield
2015-01-14,201506J096334,390560.0,389440.0,-2.143446,53.401697,6,3,1,1,4,08:50,109,E08000007,5,0,6,30,0,-1,-1,0,0,0,1,1,2,0,0,1,2,E01005874,201204BC12038,2,1,1,1,52,8,3,0,0,0,0,0,5,1,
2015-01-14,201543P265015,447646.0,192823.0,-1.313004,51.632208,43,3,4,1,4,10:00,483,E10000025,3,34,3,70,0,-1,-1,0,0,0,1,1,2,0,0,2,1,E01028732,2012232548912,1,1,1,2,34,6,3,0,0,0,0,0,9,1,Vale of White Horse
2015-01-14,201534NW00885,488793.0,268306.0,-0.699137,52.305703,34,3,2,1,4,19:40,386,E10000021,3,5193,6,30,3,2,5,146,0,0,4,2,2,0,0,1,1,E01027349,2012170L21242,1,1,1,1,49,8,3,0,0,0,0,0,9,1,
2015-01-14,201501KD50074,550080.0,189200.0,0.164671,51.581682,1,3,2,1,4,19:05,15,E09000016,3,12,3,40,6,2,5,0,0,5,4,4,1,0,0,1,2,E01002329,201201HT20170,2,1,1,1,-1,-1,3,0,0,0,0,0,1,-1,London
2015-01-14,201501XD80043,513010.0,182790.0,-0.372138,51.532716,1,3,2,1,4,18:35,27,E09000009,4,455,1,30,1,4,5,0,0,0,4,2,2,0,0,1,1,E01032744,201201TA00575,2,1,1,2,30,6,2,0,0,0,0,0,1,1,London
2015-01-14,201501KD50073,552400.0,182040.0,0.19503,51.516729,1,3,2,1,4,10:30,15,E09000016,4,1335,6,30,0,-1,-1,0,0,0,1,1,1,0,0,1,1,E01002345,201201HT20169,2,1,1,1,30,6,3,0,0,0,0,0,5,-1,London
2015-01-14,2015320002628,527137.0,346690.0,-0.106857,53.002444,32,3,2,1,4,21:40,350,E10000019,4,1192,6,60,0,-1,-1,0,0,0,6,2,2,0,0,2,1,E01026033,201214K209512,1,1,1,2,40,7,3,0,0,0,0,0,9,1,Boston
2015-01-14,2015215000342,411431.0,314589.0,-1.83217,52.728824,21,3,2,1,4,19:15,252,E10000028,3,515,6,60,0,-1,-1,0,0,0,6,5,2,0,0,2,1,E01029509,2012130174027,2,1,1,2,41,7,3,0,0,0,0,0,9,1,Lichfield
2015-01-14,2015051500154,344643.0,382979.0,-2.832873,53.3408,5,3,2,1,4,21:45,91,E08000012,6,0,6,30,3,4,6,0,0,0,4,1,1,0,0,1,2,E01006755,201201ZD30713,1,1,3,1,72,10,3,5,1,0,0,2,0,-1,Liverpool
2015-01-14,201501RG40004,539790.0,178640.0,0.012072,51.489436,1,3,1,1,4,18:29,6,E09000011,3,102,3,50,0,-1,-1,0,0,0,1,1,1,0,0,1,1,E01001667,201201PL60530,1,1,1,2,45,7,2,0,0,0,0,0,9,1,London
2015-01-14,201501PL60072,536010.0,178600.0,-0.042354,51.489997,1,3,2,1,4,18:00,7,E09000023,3,200,6,30,3,4,3,200,0,1,1,8,1,0,0,1,2,E01003247,201201KG70155,2,1,1,1,27,6,3,0,0,0,0,0,3,3,London
2015-01-14,2015320002510,497797.0,371000.0,-0.536503,53.22705,32,2,2,1,4,17:28,352,E10000019,3,15,3,30,9,2,3,15,0,4,4,1,2,0,0,1,1,E01026176,201214K208712,1,1,3,1,3,1,3,1,1,0,0,0,0,-1,Lincoln
2015-01-14,2015320002486,524802.0,310777.0,-0.15536,52.680325,32,3,2,1,4,18:35,354,E10000019,3,1073,6,50,3,4,4,1166,0,0,7,4,2,0,0,2,1,E01026239,201214K207512,3,2,1,1,34,6,3,0,0,0,0,0,9,1,South Holland
2015-01-14,201520M002655,430820.0,278420.0,-1.548419,52.402928,20,3,2,1,4,21:40,302,E08000026,4,4101,1,30,1,4,6,0,0,0,4,5,2,0,0,1,1,E01009686,2012120011645,1,1,1,2,47,8,3,0,0,0,0,0,9,1,Coventry
2015-01-14,2015051500135,337332.0,392469.0,-2.944548,53.425273,5,3,2,1,4,19:50,91,E08000012,6,0,6,20,3,4,6,0,0,0,4,1,1,0,0,1,2,E01006548,201201ZD30702,1,1,1,2,45,7,3,0,0,0,0,0,9,1,Liverpool
2015-01-14,201501RG40077,537150.0,177680.0,-0.026302,51.481455,1,3,1,1,4,17:15,7,E09000023,3,200,6,30,3,2,3,200,0,5,4,1,1,0,0,1,1,E01003253,201201PL60565,1,1,2,2,88,11,3,0,0,0,3,0,11,1,London
2015-01-14,201504ED15039,370200.0,428020.0,-2.453357,53.747693,4,3,2,1,4,20:00,70,E06000008,3,679,6,30,3,4,6,0,0,0,4,2,2,0,0,1,1,E01012576,201201XD80665,1,1,1,2,60,9,3,0,0,0,0,0,9,3,
2015-01-14,2015120006772,464770.0,435871.0,-1.017743,53.815097,12,3,2,1,4,08:50,187,E10000023,3,163,6,60,3,4,6,0,0,0,1,1,1,0,0,2,1,E01027903,201205FF05115,1,1,3,1,49,8,3,1,2,0,0,0,0,1,Selby
2015-01-14,2015051500131,337895.0,401632.0,-2.937891,53.50769,5,3,2,1,4,17:40,93,E08000014,6,0,6,30,1,4,6,0,0,0,4,1,2,0,0,1,1,E01007099,201201ZD30699,1,2,2,1,-1,-1,3,0,0,2,0,0,8,-1,
2015-01-14,2015051500130,335926.0,390967.0,-2.965398,53.411605,5,3,2,1,4,17:51,91,E08000012,3,580,3,30,0,-1,-1,0,0,0,4,1,2,0,0,1,1,E01006747,201201ZD30699,1,1,2,2,61,9,3,0,0,2,0,0,8,-1,Liverpool
2015-01-14,201520J001155,390780.0,289670.0,-2.137262,52.504847,20,3,2,1,4,22:06,303,E08000027,6,0,6,30,3,4,6,0,0,0,4,5,2,0,0,1,1,E01009749,201211NI21692,2,2,2,2,21,5,3,0,0,1,0,0,9,3,
2015-01-14,2015051500129,333372.0,388195.0,-3.003228,53.386376,5,3,2,2,4,20:03,95,E08000015,6,0,6,30,6,4,6,0,0,0,4,5,2,0,0,2,1,E01007291,201201ZD30698,2,1,1,1,52,8,3,0,0,0,0,0,1,1,
2015-01-14,201534NK00795,485864.0,279747.0,-0.739161,52.409,34,3,2,2,4,06:00,383,E10000021,6,7077,6,30,3,4,6,7054,0,0,7,1,2,0,0,1,3,E01027117,2012170H11582,1,1,1,2,31,6,3,0,0,0,0,0,9,1,
2015-01-14,2015051500128,349376.0,394085.0,-2.76358,53.441093,5,3,2,1,4,15:55,92,E08000013,6,0,2,30,0,-1,-1,0,0,0,1,4,1,0,0,1,1,E01006904,201201ZD30697,1,1,1,2,25,5,3,0,0,0,0,0,9,1,St Helens
2015-01-14,201501KD50051,558080.0,189280.0,0.280073,51.580216,1,3,2,1,4,17:00,15,E09000016,1,25,3,70,0,-1,-1,0,0,0,1,1,2,0,0,2,2,E01002259,201201HT20153,1,1,1,1,29,6,3,0,0,0,0,0,9,1,London
2015-01-14,201501PL60029,539660.0,176720.0,0.009442,51.472215,1,2,1,1,4,16:03,7,E09000023,5,0,6,30,0,-1,-1,0,0,0,1,4,1,0,0,1,1,E01003200,201201KG70131,1,1,1,1,44,7,3,0,0,0,0,0,9,1,London
2015-01-14,201520Z000685,436250.0,283850.0,-1.468023,52.451411,20,3,3,1,4,17:40,302,E08000026,1,6,3,70,0,-1,-1,0,0,0,6,1,2,0,0,1,1,E01032536,2012130011306,1,2,2,1,20,4,3,0,0,1,0,0,9,1,Coventry
2015-01-14,2015051500163,342841.0,386847.0,-2.860634,53.375372,5,2,1,2,4,15:40,91,E08000012,6,0,6,30,0,-1,-1,0,0,0,1,1,1,0,0,1,1,E01006798,201201ZD30725,1,1,1,2,35,6,3,0,0,0,0,0,1,1,Liverpool
2015-01-14,2015350010115,546030.0,257980.0,0.135361,52.200713,35,3,2,1,4,08:55,390,E10000003,5,280,6,20,3,4,6,0,0,0,1,1,1,0,0,1,2,E01017988,2012170S40702,2,1,1,1,42,7,3,0,0,0,0,0,19,1,Cambridge
2015-01-14,201523S010044,427087.0,265613.0,-1.604315,52.287991,23,2,3,2,4,09:45,294,E10000031,3,425,6,30,0,-1,-1,0,0,0,1,1,2,0,0,2,1,E01031312,2012130454353,1,1,1,1,39,7,2,0,0,0,0,0,5,1,
2015-01-14,201523S010046,433528.0,275075.0,-1.508951,52.372699,23,3,1,1,4,08:55,294,E10000031,3,46,3,70,0,-1,-1,0,0,0,1,1,2,0,0,2,1,E01031308,2012130454493,1,1,1,1,42,7,3,0,0,0,0,0,9,1,
2015-01-14,201523S010047,429640.0,264832.0,-1.566957,52.280838,23,3,1,1,4,15:00,294,E10000031,3,425,6,30,3,4,6,0,0,0,1,1,2,0,0,1,1,E01031315,2012130454631,1,1,1,1,26,6,3,0,0,0,0,0,9,1,
2015-01-14,201543S134015,484952.0,236149.0,-0.763492,52.017272,43,3,2,1,4,16:30,479,E06000042,5,129,6,60,0,-1,-1,0,0,0,4,1,1,0,0,2,1,E01016756,201230C000053,1,1,1,1,47,8,3,0,0,0,0,0,4,1,
2015-01-14,201501HT20056,534010.0,182070.0,-0.069826,51.521657,1,3,1,1,4,23:45,5,E09000030,5,0,6,30,3,4,6,0,0,0,4,5,2,0,0,1,1,E01004306,201201EK40701,1,1,1,1,77,11,3,0,0,0,0,0,9,1,London