Date,Accident_Index_x,Location_Easting_OSGR,Location_Northing_OSGR,Longitude,Latitude,Police_Force,Accident_Severity,Number_of_Vehicles,Number_of_Casualties,Day_of_Week,Time,Local_Authority_(District),Local_Authority_(Highway),1st_Road_Class,1st_Road_Number,Road_Type,Speed_limit,Junction_Detail,Junction_Control,2nd_Road_Class,2nd_Road_Number,Pedestrian_Crossing-Human_Control,Pedestrian_Crossing-Physical_Facilities,Light_Conditions,Weather_Conditions,Road_Surface_Conditions,Special_Conditions_at_Site,Carriageway_Hazards,Urban_or_Rural_Area,Did_Police_Officer_Attend_Scene_of_Accident,LSOA_of_Accident_Location,Accident_Index_y,Vehicle_Reference,Casualty_Reference,Casualty_Class,Sex_of_Casualty,Age_of_Casualty,Age_Band_of_Casualty,Casualty_Severity,Pedestrian_Location,Pedestrian_Movement,Car_Passenger,Bus_or_Coach_Passenger,Pedestrian_Road_Maintenance_Worker,Casualty_Type,Casualty_Home_Area_Type,city
2015-01-14,2015160D01611,511541.0,433138.0,-0.308635,53.782627,16,2,2,1,4,21:10,228,E06000010,6,0,1,30,1,4,6,0,0,0,4,1,1,0,0,1,2,E01012907,2012100318812,1,1,1,1,44,7,3,0,0,0,0,0,9,2,
2015-01-14,201523N025071,438222.0,292825.0,-1.43798,52.531957,23,3,2,2,4,09:00,291,E10000031,6,0,6,30,3,4,6,0,0,0,1,1,2,0,0,1,2,E01031103,2012130418488,2,1,1,2,34,6,3,0,0,0,0,0,9,1,Nuneaton and Bedworth
2015-01-14,201523N025064,437172.0,290576.0,-1.453708,52.511813,23,3,2,1,4,18:50,291,E10000031,6,0,6,30,0,-1,-1,0,0,0,4,1,2,0,0,1,1,E01031117,2012130418291,1,1,1,1,58,9,3,0,0,0,0,0,9,1,Nuneaton and Bedworth
2015-01-14,201523N025058,433319.0,292618.0,-1.510275,52.530418,23,3,3,1,4,08:41,291,E10000031,6,0,6,30,0,-1,-1,0,0,0,1,1,1,0,0,2,1,E01032890,2012130418206,2,1,1,1,28,6,3,0,0,0,0,0,1,1,Nuneaton and Bedworth
2015-01-14,2015120007285,443666.0,494776.0,-1.329773,54.346667,12,3,1,1,4,01:45,181,E10000023,3,19,3,70,0,-1,-1,0,0,0,6,1,2,0,7,2,1,E01027613,201205FF05200,2,1,1,2,62,9,3,0,0,0,0,0,9,1,Hambleton
2015-01-14,201523S030060,416749.0,256298.0,-1.756331,52.204657,23,3,1,1,4,08:20,293,E10000031,6,0,6,60,0,-1,-1,0,0,0,1,1,4,0,0,2,1,E01031188,2012130477159,2,1,1,1,32,6,3,0,0,0,0,0,9,1,Stratford-on-Avon
2015-01-14,2015120007340,469864.0,474543.0,-0.931532,54.16195,12,3,1,1,4,08:15,185,E10000023,5,61,6,60,6,4,4,1257,0,0,1,3,4,0,0,2,1,E01027782,201205FF05205,1,1,1,1,24,5,3,0,0,0,0,0,9,-1,Ryedale
2015-01-14,2015120007359,415088.0,494656.0,-1.769398,54.347228,12,3,2,1,4,08:18,184,E10000023,5,34,6,60,3,4,5,34,0,0,1,3,3,0,0,2,1,E01027758,201205FF05205,1,2,2,1,36,7,3,0,0,1,0,0,9,1,Richmondshire
2015-01-14,2015405DA0020,501010.0,224984.0,-0.532852,51.914236,40,3,2,1,4,09:20,424,E06000056,6,0,6,60,0,-1,-1,0,0,0,1,1,2,0,0,2,1,E01017578,201220W038512,1,1,1,1,20,4,3,0,0,0,0,0,9,1,
2015-01-14,2015120007390,429443.0,488474.0,-1.549181,54.291048,12,3,1,1,4,08:50,181,E10000023,2,1,3,70,0,-1,-1,0,0,0,1,1,3,0,0,2,1,E01033065,201205FF05205,1,3,2,1,30,6,3,0,0,2,0,0,9,-1,Hambleton
2015-01-14,201506X096562,381760.0,387620.0,-2.275694,53.385105,6,3,2,1,4,05:05,102,E08000003,1,56,3,70,0,-1,-1,0,0,0,4,1,1,0,0,1,1,E01005088,201204DF12120,2,1,1,1,51,8,3,0,0,0,0,0,1,-1,Manchester
2015-01-14,201506X096475,389650.0,409840.0,-2.157813,53.585043,6,2,3,1,4,19:00,106,E08000005,2,627,3,70,0,-1,-1,0,0,0,4,1,2,0,0,2,1,E01005478,201204DF12119,1,1,1,1,49,8,3,0,0,0,0,0,9,1,
2015-01-14,201520W011895,405850.0,286310.0,-1.915303,52.474691,20,3,2,1,4,19:35,300,E08000025,6,0,6,30,0,-1,-1,0,0,0,4,5,2,0,0,1,1,E01033639,2012120178480,2,1,1,2,31,6,3,0,0,0,0,0,9,1,Birmingham
2015-01-14,201522F500237,351150.0,311290.0,-2.724277,52.697072,22,3,1,1,4,11:20,286,E06000051,3,5064,6,30,0,-1,-1,0,0,0,1,1,2,0,0,1,2,E01028948,2012130347702,1,1,1,1,17,4,3,0,0,0,0,0,3,1,
2015-01-14,201501EO40041,530400.0,183670.0,-0.121237,51.53688,1,3,1,1,4,13:10,3,E09000019,4,514,6,30,0,-1,-1,0,0,0,1,1,1,0,0,1,1,E01002710,201201CW10078,1,1,1,1,22,5,3,0,0,0,0,0,9,1,London
2015-01-14,2015350000915,547410.0,279050.0,0.16475,52.389635,35,2,1,1,4,13:10,391,E10000003,3,142,6,60,0,-1,-1,0,0,0,1,1,1,0,0,2,1,E01018038,2012170S22702,5,1,1,2,35,6,3,0,0,0,0,0,9,1,East Cambridgeshire
2015-01-14,201501GD10034,534900.0,185930.0,-0.055528,51.556132,1,3,2,1,4,19:10,4,E09000012,3,107,6,30,3,2,3,104,0,5,4,2,2,0,0,1,1,E01033713,201201CW11671,1,1,3,1,33,6,3,1,1,0,0,2,0,-1,London
2015-01-14,20151321E0836,409029.0,425017.0,-1.864651,53.721484,13,2,2,4,4,15:57,202,E08000033,6,0,6,30,3,4,6,0,0,0,1,1,2,0,0,1,1,E01010994,201206G055877,1,1,1,1,19,4,3,0,0,0,0,0,3,1,Calderdale
2015-01-14,2015350004715,520440.0,302290.0,-0.222942,52.605052,35,2,2,1,4,18:09,394,E06000031,5,50,6,30,0,-1,-1,0,0,0,4,2,2,6,0,2,1,E01015657,2012170S30732,2,2,2,1,27,6,3,0,0,1,0,0,9,1,
2015-01-14,20151321E0849,429118.0,432170.0,-1.559552,53.785044,13,3,2,1,4,15:55,204,E08000035,6,0,6,30,2,4,6,0,0,0,1,1,1,0,0,1,2,E01033013,201206G055880,1,1,3,2,9,2,3,5,1,0,0,0,0,1,Leeds
2015-01-14,20151321E0971,416483.0,435543.0,-1.751134,53.815911,13,2,1,1,4,16:58,200,E08000032,5,0,6,40,0,-1,-1,0,0,0,4,3,2,0,0,1,1,E01010599,201206G055882,1,2,2,1,35,6,3,0,0,2,0,0,8,-1,Bradford
2015-01-14,20151321E1020,429064.0,433051.0,-1.560289,53.792965,13,3,1,1,4,16:40,204,E08000035,6,0,6,30,3,4,6,0,0,0,4,2,2,0,0,1,1,E01033013,201206G055882,2,1,1,1,26,6,3,0,0,0,0,0,90,1,Leeds
2015-01-14,201543S055015,485914.0,235043.0,-0.749755,52.007183,43,3,2,1,4,11:50,479,E06000042,6,438,6,30,8,4,-1,-1,0,0,1,1,1,0,0,1,1,E01016741,201230B001267,1,1,3,2,83,11,2,6,9,0,0,0,0,-1,
2015-01-14,20151321E1046,421755.0,423223.0,-1.671926,53.704987,13,3,2,1,4,18:00,203,E08000034,6,0,6,30,6,4,6,0,0,0,4,1,2,0,0,1,1,E01011167,201206G055888,1,1,3,2,36,7,3,5,3,0,0,0,0,1,Kirklees
2015-01-14,20151321E1208,432878.0,425976.0,-1.503146,53.729151,13,2,2,2,4,19:25,204,E08000035,1,62,3,70,0,-1,-1,0,0,0,4,1,1,0,0,1,1,E01011500,201206G055986,2,1,1,1,36,7,3,0,0,0,0,0,1,1,Leeds
2015-01-14,20151321E1307,434193.0,419673.0,-1.483908,53.672417,13,3,2,1,4,20:20,206,E08000036,3,638,6,30,3,4,6,0,0,0,4,5,2,0,0,1,1,E01011908,201206G056022,1,1,1,1,23,5,3,0,0,0,0,0,1,1,Wakefield
2015-01-14,20151321E1447,431079.0,430776.0,-1.529931,53.772402,13,3,1,1,4,20:25,204,E08000035,6,0,6,30,3,4,6,0,0,0,6,4,1,0,0,1,1,E01011472,201206G056039,1,1,1,2,31,6,3,0,0,0,0,0,9,1,Leeds
2015-01-14,201501KG70042,546350.0,183650.0,0.108569,51.532794,1,3,2,1,4,20:05,16,E09000002,3,13,3,30,0,-1,-1,0,0,0,4,2,2,0,0,1,1,E01000045,201201JC30540,1,2,2,1,17,4,3,0,0,0,3,0,11,1,London
2015-01-14,201543P340015,450436.0,210192.0,-1.270189,51.78812,43,3,2,1,4,19:45,482,E10000025,3,40,1,30,1,4,3,4165,0,0,4,2,2,0,0,1,1,E01032555,2012232650812,1,1,3,1,15,3,2,5,3,0,0,0,0,1,Oxford
2015-01-14,201531B032115,461847.0,378890.0,-1.073387,53.303357,31,3,2,1,4,19:07,341,E10000024,4,6079,6,50,0,-1,-1,0,0,0,6,8,2,4,0,2,1,E01028043,201214B066012,2,2,1,1,20,4,2,0,0,0,0,0,3,1,Bassetlaw
2015-01-14,2015051500348,336170.0,390902.0,-2.961714,53.41105,5,3,1,1,4,12:55,91,E08000012,3,580,3,30,6,2,3,57,0,5,1,1,1,0,0,1,2,E01006747,201201ZD30832,1,1,3,1,17,4,3,5,1,0,0,2,0,1,Liverpool
2015-01-14,201536T150010,624309.0,282656.0,1.295506,52.395932,36,3,1,1,4,11:28,406,E10000020,4,1116,6,30,0,-1,-1,0,0,0,1,1,2,0,7,2,1,E01026900,201220M016852,1,1,2,2,19,4,3,0,0,1,0,0,9,1,South Norfolk
2015-01-14,2015160D00881,509273.0,432834.0,-0.343147,53.780376,16,3,2,1,4,11:52,228,E06000010,3,1033,1,30,1,4,3,1033,0,0,1,1,2,0,0,1,1,E01012912,2012100309512,1,1,3,1,3,1,3,5,1,0,0,0,0,1,Hull
2015-01-14,20151321E0807,450860.0,413742.0,-1.232614,53.617761,13,3,2,3,4,15:43,206,E08000036,3,639,6,50,3,4,3,1,0,0,1,2,2,0,0,2,1,E01011856,201206G055797,2,2,2,2,15,3,3,0,0,1,0,0,9,1,Wakefield
2015-01-14,201523M425060,418531.0,293112.0,-1.728234,52.535559,23,3,2,2,4,10:09,290,E10000031,1,42,3,70,0,-1,-1,0,0,0,1,1,1,0,0,2,1,E01031023,2012130416002,1,1,1,1,39,7,3,0,0,0,0,0,8,1,North Warwickshire
2015-01-14,201506Q096271,390640.0,405170.0,-2.142717,53.543086,6,3,1,1,4,13:35,104,E08000004,5,0,6,30,6,4,6,0,0,0,1,1,1,0,0,1,1,E01005328,201204DA12069,1,1,1,1,14,3,3,0,0,0,0,0,1,1,
2015-01-14,201501ZD30008,531210.0,168040.0,-0.115362,51.396231,1,3,1,1,4,18:06,20,E09000008,3,23,6,30,6,4,6,0,0,0,4,1,1,0,6,1,2,E01001183,201201VK30154,2,1,1,1,17,4,3,0,0,0,0,0,3,1,London
2015-01-14,201563BC00915,256650.0,263840.0,-4.101494,52.254004,63,3,1,1,4,17:45,750,W06000008,4,4577,6,40,0,-1,-1,0,0,0,6,5,2,0,0,2,1,W01000539,201243N104082,1,2,2,2,19,4,3,0,0,1,0,0,9,1,
2015-01-14,201501TX20041,507580.0,173960.0,-0.453079,51.45441,1,3,2,1,4,21:21,25,E09000018,5,0,6,30,0,-1,-1,0,0,0,4,2,2,0,0,2,1,E01002559,201201RG40224,1,1,1,2,35,6,3,0,0,0,0,0,9,1,London
2015-01-14,2015120007844,504009.0,486175.0,-0.404767,54.260678,12,3,1,1,4,21:00,186,E10000023,6,0,6,30,0,-1,-1,0,0,0,6,5,2,0,0,2,1,E01027868,201205FF05236,1,1,3,1,37,7,2,5,2,0,0,0,0,1,
2015-01-14,201543S048015,485480.0,236841.0,-0.755628,52.023411,43,3,2,2,4,16:56,479,E06000042,5,156,3,70,3,4,6,1069,0,0,4,1,2,0,0,2,1,E01016844,201230B000970,1,2,2,2,25,5,3,0,0,1,0,0,9,1,
2015-01-14,201531C003515,455350.0,341049.0,-1.177389,52.963958,31,3,2,1,4,10:01,346,E06000018,3,610,6,30,6,2,3,6130,0,4,1,1,1,0,0,1,2,E01013812,201214C035912,1,1,3,2,25,5,3,5,3,0,0,0,0,1,City of Nottingham
2015-01-14,2015120007875,460159.0,452114.0,-1.084583,53.96162,12,2,1,1,4,23:50,189,E06000014,6,7210,6,30,0,-1,-1,0,0,0,4,5,2,0,0,1,1,E01013366,201205FF05275,2,1,1,1,49,8,3,0,0,0,0,0,8,1,York
2015-01-14,2015331500059,465685.0,320404.0,-1.0277,52.777235,33,2,2,1,4,07:34,365,E10000018,6,6111,6,60,8,4,6,1,0,0,6,1,3,0,0,2,1,E01025888,2012160C00151,1,1,1,1,27,6,3,0,0,0,0,0,2,2,Melton
2015-01-14,2015405BA0027,508301.0,248545.0,-0.419447,52.124616,40,3,2,1,4,08:45,420,E06000055,3,603,1,60,1,4,3,421,0,0,1,1,1,0,0,2,2,E01017486,201220T032322,1,1,3,1,4,1,3,5,3,0,0,0,0,1,
2015-01-14,2015405BA0025,506837.0,249458.0,-0.440536,52.133106,40,3,2,1,4,12:05,420,E06000055,6,0,6,30,8,4,-1,-1,0,0,1,1,1,0,0,1,2,E01017524,201220T032292,2,1,1,2,23,5,3,0,0,0,0,0,9,1,
2015-01-14,2015120007993,479129.0,471407.0,-0.790493,54.132429,12,3,1,1,4,15:35,185,E10000023,4,1248,6,30,0,-1,-1,0,0,0,1,4,1,0,0,1,2,E01027790,201205FF05282,5,1,1,1,37,7,3,0,0,0,0,0,8,1,Ryedale
2015-01-14,201537EA87091,570910.0,249833.0,0.494972,52.120392,37,3,2,2,4,08:25,414,E10000029,3,143,6,60,3,4,6,0,0,0,1,1,2,0,0,2,1,E01030122,201220N027262,1,1,1,1,24,5,3,0,0,0,0,0,9,1,West Suffolk
2015-01-14,201504ED15026,375260.0,428020.0,-2.376631,53.747959,4,3,2,2,4,19:30,75,E10000017,6,0,6,20,0,-1,-1,0,0,0,4,8,2,0,2,1,1,E01025083,201201XD80654,1,1,2,2,49,8,3,0,0,2,0,0,9,1,Hyndburn
2015-01-14,201537EA87120,584757.0,263559.0,0.704464,52.239207,37,3,2,1,4,17:30,414,E10000029,3,143,6,30,3,2,5,740,0,5,4,4,1,0,0,1,2,E01030147,201220N028092,1,1,1,1,14,3,3,0,0,0,0,0,1,1,West Suffolk
2015-01-14,201504ED15021,367080.0,426980.0,-2.500555,53.738158,4,3,3,1,4,09:15,70,E06000008,6,0,6,30,0,-1,-1,0,0,0,1,3,3,0,0,1,1,E01012622,201201XD80650,1,1,1,1,53,8,3,0,0,0,0,0,19,-1,
2015-01-14,2015120007779,436944.0,472610.0,-1.435897,54.147994,12,3,1,2,4,16:20,182,E10000023,2,1,3,70,0,-1,-1,0,0,0,7,1,2,0,0,2,1,E01027736,201205FF05235,2,2,2,2,27,6,3,0,0,1,0,0,9,-1,
2015-01-14,201501EO40036,531380.0,186720.0,-0.105977,51.564061,1,3,1,1,4,14:04,3,E09000019,3,503,6,30,3,2,5,0,0,5,1,1,1,0,0,1,1,E01002734,201201CW10076,1,1,1,1,48,8,3,0,0,0,0,0,9,1,London
2015-01-14,201563BC00115,259990.0,282110.0,-4.060215,52.419009,63,2,1,1,4,16:26,750,W06000008,6,0,6,30,3,4,6,0,0,0,1,2,2,0,0,1,1,W01001936,201243N103012,2,1,1,2,35,6,3,0,0,0,0,0,9,1,
2015-01-14,2015120007688,412747.0,487777.0,-1.805702,54.285469,12,3,2,1,4,09:15,184,E10000023,3,6108,6,30,3,4,5,35,0,0,1,6,4,0,0,2,2,E01027760,201205FF05223,2,1,1,1,42,7,3,0,0,0,0,0,8,-1,Richmondshire
2015-01-14,201523M400075,435413.0,256746.0,-1.483184,52.207805,23,3,3,3,4,08:35,293,E10000031,1,40,3,70,0,-1,-1,0,0,0,1,1,2,0,0,2,1,E01031199,2012130413609,1,1,1,1,38,7,3,0,0,0,0,0,9,1,
2015-01-14,201520K001185,398310.0,289360.0,-2.026326,52.502137,20,2,2,1,4,08:06,305,E08000028,6,0,6,30,2,4,6,0,0,0,1,1,2,0,0,1,1,E01010018,201211SC24252,1,1,1,1,41,7,3,0,0,0,0,0,5,1,Sandwell
2015-01-14,2015120007394,479551.0,472456.0,-0.78376,54.14179,12,3,2,1,4,10:05,185,E10000023,6,341,6,30,2,4,4,1257,0,0,1,1,1,0,0,1,2,E01027787,201205FF05208,1,1,1,1,42,7,3,0,0,0,0,0,9,-1,Ryedale
2015-01-14,2015100058315,425507.0,562486.0,-1.603231,54.956368,10,3,2,2,4,17:37,146,E08000020,5,321,6,30,3,4,6,4198,0,0,4,2,2,0,0,1,1,E01008168,201205AA02331,1,1,1,1,36,7,3,0,0,0,0,0,9,1,Gateshead
2015-01-14,2015100055515,424445.0,579220.0,-1.618389,55.106791,10,3,2,1,4,12:34,139,E06000048,3,1068,6,60,0,-1,-1,0,0,0,1,1,2,4,0,2,1,E01027412,201205AA02202,2,1,1,2,41,7,2,0,0,0,0,0,9,-1,
2015-01-14,2015120007431,428968.0,449249.0,-1.560223,53.938551,12,3,2,1,4,07:30,182,E10000023,3,658,6,60,0,-1,-1,0,0,0,6,5,2,0,0,2,1,E01027734,201205FF05208,2,2,1,2,32,6,3,0,0,0,0,0,9,1,
2015-01-14,201563AC01715,229550.0,237730.0,-4.485041,52.011753,63,3,1,1,4,07:50,751,W06000010,6,0,2,60,0,-1,-1,0,0,0,1,8,4,0,0,2,1,W01000646,201243N030052,1,4,2,1,54,8,2,0,0,2,0,0,8,-1,
2015-01-14,201501GD10013,532400.0,186760.0,-0.091256,51.564182,1,3,1,1,4,16:10,4,E09000012,4,105,6,30,3,4,6,0,0,0,1,1,1,0,0,1,1,E01001803,201201CW11656,1,1,3,2,40,7,3,1,3,0,0,2,0,-1,London
2015-01-14,201501GD10012,533840.0,186410.0,-0.070626,51.560698,1,3,2,2,4,08:05,4,E09000012,3,10,6,30,3,4,5,0,0,1,1,1,1,0,0,1,1,E01001831,201201CW11653,1,1,3,1,20,4,3,10,9,0,0,2,0,1,London
2015-01-14,2015120007453,507941.0,482898.0,-0.345609,54.230425,12,3,3,1,4,11:13,186,E10000023,3,165,1,60,1,4,4,1261,0,0,1,1,1,0,0,2,1,E01027807,201205FF05208,2,3,2,2,58,9,3,0,0,1,0,0,9,1,
2015-01-14,201501ZD30038,533970.0,166190.0,-0.07641,51.378961,1,3,2,1,4,18:10,20,E09000008,6,0,6,30,6,4,3,222,0,0,7,5,4,0,0,1,2,E01000977,201201VK30176,1,1,3,1,19,4,3,5,1,0,0,2,0,1,London
2015-01-14,2015405CA0055,508767.0,221720.0,-0.421149,51.883442,40,3,2,1,4,04:35,421,E06000032,6,0,3,30,3,4,3,6,0,7,4,1,1,0,0,1,1,E01015699,201220T504532,2,2,3,1,87,11,1,1,3,0,0,0,0,1,
2015-01-14,201504SB15007,342500.0,416610.0,-2.87123,53.642826,4,3,2,1,4,08:10,84,E10000017,6,0,6,40,0,-1,-1,0,0,0,1,8,2,7,0,2,1,E01025513,201201YE80468,1,1,3,1,5,1,3,5,1,0,0,2,0,1,West Lancashire
2015-01-14,2015405CA0029,508149.0,225952.0,-0.428797,51.921597,40,3,2,1,4,09:30,421,E06000032,3,6,6,40,1,4,6,0,0,8,1,1,2,0,0,1,1,E01015707,201220T502012,2,1,1,2,46,8,3,0,0,0,0,0,9,1,
2015-01-14,2015120007660,460992.0,458208.0,-1.07067,54.016286,12,3,2,1,4,16:51,189,E06000014,5,92,6,30,3,4,6,1810,0,0,1,1,1,0,0,1,1,E01013373,201205FF05208,2,4,2,1,2,1,3,0,0,2,0,0,9,1,
2015-01-14,2015120007693,433063.0,455152.0,-1.49721,53.991359,12,3,2,1,4,08:45,182,E10000023,6,313,6,20,3,4,6,274,0,0,1,1,2,0,0,1,2,E01027663,201205FF05235,2,1,1,2,23,5,3,0,0,0,0,0,9,1,
2015-01-14,2015405DA0037,506050.0,221770.0,-0.460593,51.884414,40,3,2,1,4,18:50,424,E06000056,1,1,3,70,0,-1,-1,0,0,0,6,2,2,0,0,2,1,E01017562,201220W039712,1,1,1,1,31,6,3,0,0,0,0,0,9,1,
2015-01-14,201560S006383,330282.0,351760.0,-3.041699,53.058523,60,3,2,1,4,16:30,725,W06000006,4,5101,6,30,3,3,4,5430,0,0,1,8,2,0,0,2,1,W01000373,201242I095404,1,2,3,2,79,11,3,6,9,0,0,2,0,1,
2015-01-14,201550DE2F001,291774.0,93113.0,-3.534741,50.727524,50,3,1,1,4,18:40,581,E10000008,4,3183,6,30,0,-1,-1,0,0,1,4,5,2,0,0,1,2,E01020021,2012360067926,1,1,1,1,26,6,3,0,0,0,0,0,9,-1,Exeter
2015-01-14,201550GA2C002,197955.0,52999.0,-4.840904,50.34217,50,3,2,1,4,17:32,596,E06000052,3,3058,6,50,3,4,6,0,0,0,6,5,2,0,0,2,1,E01019073,2012370127812,1,1,1,2,17,4,3,0,0,0,0,0,9,2,
2015-01-14,201543N074015,499272.0,189531.0,-0.568225,51.595888,43,3,2,1,4,15:00,478,E10000002,6,437,6,30,0,-1,-1,0,0,0,1,8,2,0,0,1,2,E01017751,201222F200336,2,2,1,1,64,9,3,0,0,0,0,0,9,3,
2015-01-14,201543N072015,491732.0,221310.0,-0.668677,51.882816,43,3,3,1,4,10:38,476,E10000002,4,488,6,60,0,-1,-1,0,0,0,1,1,2,0,0,2,1,E01017652,201222F200326,2,2,1,2,39,7,3,0,0,0,0,0,9,2,
2015-01-14,2015030000109,296940.0,516510.0,-3.594206,54.533341,3,3,2,1,4,15:40,63,E10000006,6,0,6,30,0,-1,-1,0,0,0,1,2,2,0,0,1,1,E01019302,201201WW50523,1,1,1,1,-1,-1,3,0,0,0,0,0,1,1,Copeland
2015-01-14,201542I015701,599238.0,225509.0,0.894077,51.89251,42,3,1,1,4,03:00,455,E10000012,3,134,1,30,1,4,6,0,0,0,4,1,2,0,0,1,1,E01021646,2012212005488,1,1,1,2,25,5,3,0,0,0,0,0,9,1,
2015-01-14,201543N071015,481095.0,214433.0,-0.824791,51.822645,43,2,2,1,4,13:42,476,E10000002,5,180,6,30,0,-1,-1,0,0,8,1,1,1,0,0,1,1,E01017665,201222F200319,1,3,2,1,19,4,3,0,0,1,0,0,9,1,
2015-01-14,201543N075015,503963.0,185832.0,-0.50162,51.561795,43,3,2,1,4,18:24,477,E10000002,1,40,3,70,0,-1,-1,0,0,0,4,1,2,0,0,2,1,E01017812,201222F200410,1,1,1,2,40,7,3,0,0,0,0,0,9,3,
2015-01-14,201543N070015,503890.0,186421.0,-0.502498,51.567103,43,3,2,1,4,08:38,477,E10000002,3,40,3,40,0,-1,-1,0,0,0,1,1,2,0,0,2,-1,E01017812,201222F200281,1,1,1,1,44,7,3,0,0,0,0,0,9,1,
2015-01-14,2015030000113,352010.0,541010.0,-2.747307,54.761719,3,3,1,3,4,09:55,64,E10000006,6,0,6,60,0,-1,-1,0,0,0,1,3,2,0,0,2,1,E01019322,201201WW50527,1,1,1,1,32,6,3,0,0,0,0,0,1,1,Eden
2015-01-14,201520N009295,409870.0,294320.0,-1.855884,52.546643,20,2,3,2,4,14:00,300,E08000025,3,453,6,30,6,2,3,452,0,0,1,2,4,0,0,1,1,E01009473,2012120057169,1,1,1,1,56,9,3,0,0,0,0,0,9,1,Birmingham
2015-01-14,2015030000133,379480.0,514350.0,-2.318544,54.524018,3,3,3,1,4,07:00,64,E10000006,3,66,7,60,3,4,3,685,0,0,4,3,3,0,0,2,1,E01019309,201201WW50531,1,1,3,1,51,8,3,9,9,0,0,2,0,1,Eden
2015-01-14,2015030000147,301770.0,513850.0,-3.518705,54.510405,3,3,2,4,4,21:47,63,E10000006,3,5086,6,30,0,-1,-1,0,0,0,4,5,2,0,0,2,1,E01019266,201201WW50535,2,1,1,2,28,6,3,0,0,0,0,0,9,1,Copeland
2015-01-14,201543P097015,429099.0,208363.0,-1.57967,51.773188,43,3,2,1,4,17:30,485,E10000025,4,4477,6,40,3,4,6,0,0,8,4,2,2,0,0,2,1,E01028766,201222G204514,1,1,1,1,21,5,3,0,0,0,0,0,17,3,West Oxfordshire
2015-01-14,201501XH30009,508050.0,183530.0,-0.44339,51.540337,1,3,4,1,4,19:20,26,E09000017,6,0,6,30,8,4,6,0,0,0,4,2,2,0,0,1,1,E01002453,201201TB00486,1,1,3,1,45,7,2,10,9,0,0,2,0,1,London
2015-01-14,2015030000111,336170.0,561280.0,-2.997917,54.942079,3,3,1,1,4,05:50,62,E10000006,6,0,6,60,0,-1,-1,0,0,0,6,3,3,0,0,2,1,E01019226,201201WW50525,2,1,1,1,23,5,3,0,0,0,0,0,3,1,Carlisle
2015-01-14,2015160D00071,510120.0,432635.0,-0.33037,53.77841,16,3,2,1,4,18:12,228,E06000010,3,1033,1,30,1,4,3,1033,0,0,1,2,2,0,0,1,1,E01012905,2012100296812,3,1,1,1,52,8,3,0,0,0,0,0,9,1,Hull
2015-01-14,201543N080015,481430.0,214328.0,-0.819956,51.821652,43,3,4,1,4,23:05,476,E10000002,5,180,6,30,0,-1,-1,0,0,0,6,2,2,0,0,1,1,E01017666,201222F200503,1,1,1,2,19,4,3,0,0,0,0,0,9,3,
2015-01-14,201542I011601,593998.0,187541.0,0.796893,51.553392,42,3,2,1,4,10:20,459,E10000012,4,1017,6,30,0,-1,-1,0,0,0,1,1,2,0,0,2,1,E01021924,2012212005421,1,1,3,1,38,7,3,5,9,0,0,0,0,1,
2015-01-14,201514K023815,439702.0,390834.0,-1.404174,53.412828,14,3,2,1,4,14:20,215,E08000019,3,6178,3,30,0,-1,-1,0,0,0,1,1,1,0,0,1,2,E01007913,2012070294263,1,1,3,2,52,8,3,8,3,0,0,0,0,1,Sheffield
2015-01-14,201543N153015,492704.0,182762.0,-0.6648,51.53616,43,3,2,2,4,15:20,477,E10000002,6,9,6,30,3,4,6,864,0,0,1,1,1,0,0,1,2,E01017806,201222F202411,2,1,1,1,79,11,3,0,0,0,0,0,9,2,
2015-01-14,201504WA15020,341040.0,432190.0,-2.896283,53.78268,4,3,1,1,4,06:25,74,E10000017,3,583,3,50,0,-1,-1,0,0,0,4,3,4,0,0,2,1,E01025007,201201YR90197,3,3,1,1,38,7,3,0,0,0,0,0,19,3,Fylde
2015-01-14,201542I009901,584096.0,185973.0,0.653413,51.542624,42,3,2,2,4,22:23,460,E06000033,6,0,6,30,0,-1,-1,0,0,0,4,5,2,0,0,1,1,E01015848,2012212005379,1,1,2,1,20,4,3,0,0,1,0,0,9,1,Southend-on-Sea
2015-01-14,2015075012608,337935.0,368466.0,-2.930768,53.209618,7,3,2,1,4,18:03,130,E06000050,5,202,6,30,0,-1,-1,0,0,0,4,2,2,0,0,1,1,E01018309,201204DL12042,1,1,1,1,19,4,2,0,0,0,0,0,5,1,Chester
2015-01-14,2015075012576,364285.0,391068.0,-2.538804,53.4152,7,3,2,1,4,17:35,128,E06000007,3,574,3,70,0,-1,-1,0,0,0,4,4,1,0,0,2,1,E01012463,201204DL12041,3,2,1,1,20,4,3,0,0,0,0,0,9,1,