Date,Accident_Index_x,Location_Easting_OSGR,Location_Northing_OSGR,Longitude,Latitude,Police_Force,Accident_Severity,Number_of_Vehicles,Number_of_Casualties,Day_of_Week,Time,Local_Authority_(District),Local_Authority_(Highway),1st_Road_Class,1st_Road_Number,Road_Type,Speed_limit,Junction_Detail,Junction_Control,2nd_Road_Class,2nd_Road_Number,Pedestrian_Crossing-Human_Control,Pedestrian_Crossing-Physical_Facilities,Light_Conditions,Weather_Conditions,Road_Surface_Conditions,Special_Conditions_at_Site,Carriageway_Hazards,Urban_or_Rural_Area,Did_Police_Officer_Attend_Scene_of_Accident,LSOA_of_Accident_Location,Accident_Index_y,Vehicle_Reference,Casualty_Reference,Casualty_Class,Sex_of_Casualty,Age_of_Casualty,Age_Band_of_Casualty,Casualty_Severity,Pedestrian_Location,Pedestrian_Movement,Car_Passenger,Bus_or_Coach_Passenger,Pedestrian_Road_Maintenance_Worker,Casualty_Type,Casualty_Home_Area_Type,city
2015-01-15,2015440015390,449762.0,89316.0,-1.296727,50.701364,44,3,2,1,5,08:15,505,E06000046,6,0,6,30,6,4,6,0,0,0,1,1,1,0,0,1,1,E01017326,201230C002607,1,1,2,1,60,9,3,0,0,1,0,0,9,1,
2015-01-15,201543W108015,471616.0,174988.0,-0.970359,51.469337,43,3,2,1,5,10:23,472,E06000038,3,4155,6,30,3,2,4,481,0,5,1,1,2,0,0,1,1,E01016362,201230C000997,1,1,1,1,34,6,3,0,0,0,0,0,19,3,
2015-01-15,20151321F0220,416576.0,430299.0,-1.750001,53.768775,13,3,2,1,5,08:47,200,E08000032,3,6177,1,30,1,2,3,6036,0,0,1,1,2,0,0,1,1,E01010746,201206G056583,2,1,1,1,32,6,3,0,0,0,0,0,9,1,Bradford
2015-01-15,201501MM70185,531440.0,179300.0,-0.107879,51.497367,1,3,2,1,5,07:10,8,E09000028,3,302,6,30,6,2,3,3203,0,5,1,1,1,0,0,1,2,E01003933,201201KF60159,1,1,1,1,22,5,3,0,0,0,0,0,9,1,London
2015-01-15,2015440015504,459592.0,148147.0,-1.147928,51.229409,44,3,2,1,5,08:10,490,E10000014,3,30,3,50,0,-1,-1,0,0,0,1,1,2,0,0,2,1,E01022532,201230C002608,1,1,1,1,56,9,3,0,0,0,0,0,9,1,Basingstoke and Deane
2015-01-15,20151321F0231,441760.0,414622.0,-1.370053,53.626473,13,2,1,1,5,08:50,206,E08000036,4,6273,6,30,3,4,6,0,0,0,1,1,1,0,0,2,1,E01011785,201206G056623,2,1,1,1,42,7,3,0,0,0,0,0,1,1,Wakefield
2015-01-15,201543W210015,468447.0,174117.0,-1.016143,51.461898,43,3,2,2,5,13:55,472,E06000038,6,7201,6,30,9,4,6,0,0,0,1,1,1,0,0,1,1,E01016397,201230C001705,1,1,1,1,34,6,3,0,0,0,0,0,9,2,
2015-01-15,20151321F0805,407084.0,434089.0,-1.893921,53.803053,13,2,1,1,5,15:20,200,E08000032,3,629,6,30,0,-1,-1,0,0,0,1,1,1,0,0,2,1,E01010594,201206G056647,1,1,1,2,41,7,3,0,0,0,0,0,9,1,Bradford
2015-01-15,2015320003003,540042.0,366032.0,0.093738,53.172979,32,3,3,1,5,10:30,351,E10000019,5,531,6,30,3,4,6,0,0,0,1,1,2,0,3,2,1,E01026101,201214K213412,1,1,3,1,19,4,3,5,1,0,0,0,0,1,East Lindsey
2015-01-15,201501ZD30107,532380.0,166480.0,-0.099135,51.38194,1,3,2,1,5,08:58,20,E09000008,3,212,6,30,1,4,3,212,0,0,1,1,1,0,0,1,1,E01001048,201201VK30213,2,1,1,1,33,6,3,0,0,0,0,0,2,1,London
2015-01-15,201501XH30010,511410.0,184460.0,-0.394667,51.548044,1,3,2,4,5,15:25,26,E09000017,3,40,7,50,5,4,3,40,0,0,1,1,1,0,0,1,1,E01001320,201201TB00487,1,1,1,1,29,6,2,0,0,0,0,0,1,-1,London
2015-01-15,201501XH30011,508380.0,181960.0,-0.439116,51.526163,1,3,2,1,5,11:25,26,E09000017,4,465,6,30,5,4,6,0,0,0,1,1,1,0,0,1,1,E01002400,201201TB00488,1,1,3,2,81,11,2,5,3,0,0,2,0,1,London
2015-01-15,201506J096603,390950.0,388010.0,-2.137539,53.38885,6,3,2,1,5,17:40,109,E08000007,3,6,6,30,3,3,6,0,0,0,4,4,2,0,0,1,1,E01005801,201204BC12041,1,1,3,2,12,3,3,4,4,0,0,2,0,1,
2015-01-15,201522D500282,403280.0,268210.0,-1.95331,52.311991,22,3,5,3,5,11:55,274,E10000034,4,4184,6,30,0,-1,-1,0,0,0,1,4,1,0,0,1,1,E01032234,2012130296041,1,1,3,1,83,11,3,5,1,0,0,0,0,1,
2015-01-15,201501ZD30068,529590.0,161920.0,-0.140863,51.341603,1,3,2,1,5,11:30,20,E09000008,3,2022,6,30,3,4,6,0,0,0,1,1,2,0,0,1,1,E01001094,201201VK30194,1,1,1,1,32,6,3,0,0,0,0,0,1,1,London
2015-01-15,2015440015721,464016.0,100676.0,-1.092941,50.802116,44,3,2,1,5,11:52,498,E06000044,3,3,3,30,0,-1,-1,0,0,5,1,1,1,0,0,1,1,E01017038,201230C002609,1,1,3,1,19,4,3,5,3,0,0,0,0,1,Portsmouth
2015-01-15,201522D500280,392490.0,281350.0,-2.11188,52.430078,22,3,2,1,5,14:30,270,E10000034,3,456,1,60,1,4,6,0,0,0,1,4,2,0,0,2,1,E01032141,2012130295978,2,2,2,2,70,10,3,0,0,1,0,0,9,1,
2015-01-15,201501HT20055,533690.0,181800.0,-0.074538,51.519306,1,3,2,1,5,18:17,5,E09000030,3,1202,6,30,3,4,3,1202,0,4,1,1,1,0,0,1,1,E01004307,201201EK40700,1,1,3,2,51,8,3,1,9,0,0,2,0,-1,London
2015-01-15,20151321F0850,410118.0,429740.0,-1.847995,53.763915,13,3,1,1,5,15:30,200,E08000032,6,0,6,20,9,4,6,0,0,1,1,4,1,0,0,1,1,E01010759,201206G056647,2,2,1,2,25,5,3,0,0,0,0,0,9,-1,Bradford
2015-01-15,201501XH30033,505370.0,182450.0,-0.482341,51.531136,1,3,1,1,5,17:24,26,E09000017,3,408,6,30,0,-1,-1,0,0,0,1,1,1,0,0,1,1,E01033724,201201TB00506,2,1,1,1,18,4,2,0,0,0,0,0,3,1,London
2015-01-15,201501PL60055,539940.0,172050.0,0.011625,51.430181,1,3,2,1,5,22:00,7,E09000023,5,0,6,30,6,4,6,0,0,0,4,1,2,0,0,1,1,E01003238,201201KG70144,1,2,2,2,23,5,3,0,0,1,0,0,9,-1,London
2015-01-15,201506M096553,376730.0,394380.0,-2.351818,53.445668,6,2,2,1,5,15:35,112,E08000009,4,5213,6,30,3,4,6,0,0,0,1,1,2,0,0,1,1,E01006202,201204CJ12147,2,2,1,1,24,5,3,0,0,0,0,0,17,3,Trafford
2015-01-15,201520N004755,409650.0,290250.0,-1.859245,52.510058,20,3,2,3,5,10:30,300,E08000025,6,0,6,30,1,4,3,5127,0,0,1,1,1,0,0,1,2,E01009413,2012120054827,1,2,2,1,34,6,3,0,0,1,0,0,9,3,Birmingham
2015-01-15,201504EF15016,383390.0,421950.0,-2.253023,53.693726,4,3,2,1,5,08:30,82,E10000017,4,6238,6,30,0,-1,-1,0,0,0,1,1,2,0,0,1,1,E01025371,201201XH30190,2,1,1,1,35,6,3,0,0,0,0,0,9,1,Rossendale
2015-01-15,20151321F0077,429304.0,433709.0,-1.556584,53.798866,13,3,1,1,5,02:42,204,E08000035,6,0,2,40,0,-1,-1,0,0,0,4,1,1,0,0,1,1,E01011678,201206G056084,1,1,3,1,49,8,3,10,9,0,0,2,0,1,Leeds
2015-01-15,201501GD10053,532210.0,182860.0,-0.095459,51.52918,1,3,2,1,5,08:55,3,E09000019,3,501,6,30,3,4,3,501,0,0,1,1,1,0,0,1,2,E01002702,201201CW11690,1,1,1,1,-1,-1,3,0,0,0,0,0,5,-1,London
2015-01-15,20151321F0189,415933.0,433859.0,-1.759574,53.800792,13,3,1,1,5,08:00,200,E08000032,3,650,6,30,3,4,6,0,0,0,1,1,1,0,0,1,1,E01033693,201206G056106,2,1,1,1,18,4,3,0,0,0,0,0,9,1,Bradford
2015-01-15,2015300011707,427530.0,372140.0,-1.588905,53.245571,30,3,4,1,5,18:05,329,E10000007,3,619,6,50,0,-1,-1,0,0,0,6,2,2,4,0,2,1,E01019606,2012130493501,2,1,1,1,16,4,3,0,0,0,0,0,3,2,Derbyshire Dales
2015-01-15,2015100039715,424342.0,561653.0,-1.621493,54.94894,10,3,2,1,5,13:10,146,E08000020,4,1426,6,30,6,2,6,4155,0,0,1,4,1,0,0,1,1,E01008257,201205AA01712,1,1,2,1,16,4,3,0,0,1,0,0,9,1,Gateshead
2015-01-15,201531B031215,476746.0,357368.0,-0.855024,53.107992,31,3,2,1,5,09:05,345,E10000024,3,616,6,60,3,4,5,14,0,0,1,2,2,0,0,2,1,E01028337,201214B064812,2,2,1,1,18,4,3,0,0,0,0,0,9,2,Newark and Sherwood
2015-01-15,2015300011685,438370.0,372810.0,-1.426389,53.250923,30,3,2,1,5,12:15,322,E10000007,6,0,6,30,0,-1,-1,0,0,0,1,1,1,0,0,1,1,E01019569,2012130493310,1,1,2,2,1,1,3,0,0,0,4,0,11,1,Chesterfield
2015-01-15,2015300011677,434350.0,337290.0,-1.49042,52.93192,30,2,2,1,5,07:07,323,E06000015,5,1,6,30,3,4,6,0,0,0,4,1,2,0,0,1,1,E01013529,2012130493202,1,1,1,1,18,4,3,0,0,0,0,0,3,1,Derby
2015-01-15,201550GN2B001,181601.0,60662.0,-5.074855,50.405147,50,3,1,1,5,16:40,596,E06000052,3,392,6,40,0,-1,-1,0,0,0,5,4,2,0,0,1,1,E01019021,2012370158912,2,2,1,2,67,10,3,0,0,0,0,0,9,1,
2015-01-15,201504EF15014,385060.0,434360.0,-2.228337,53.805318,4,3,2,2,5,13:49,72,E10000017,6,0,6,20,6,4,6,0,0,0,1,1,2,0,0,1,1,E01024893,201201XH30189,1,1,1,1,38,7,3,0,0,0,0,0,9,1,Burnley
2015-01-15,2015450021192,495847.0,152573.0,-0.627644,51.264266,45,3,2,1,5,08:20,511,E10000030,3,323,6,40,3,4,6,0,0,0,1,1,1,0,0,2,1,E01030502,201231C245912,1,2,3,2,19,4,2,1,4,0,0,0,0,-1,
2015-01-15,201522F500228,368010.0,276380.0,-2.471433,52.384509,22,3,2,1,5,18:30,286,E06000051,3,4117,6,30,3,4,4,4363,0,0,4,5,2,0,0,2,1,E01028858,2012130347589,1,1,1,1,5,1,3,0,0,0,0,0,1,1,
2015-01-15,201506K096257,372050.0,408700.0,-2.423559,53.57415,6,3,3,2,5,16:46,100,E08000001,4,6536,3,30,3,2,3,579,0,5,4,4,2,0,0,1,1,E01004817,201204CA12034,2,1,1,2,39,7,3,0,0,0,0,0,9,1,Bolton
2015-01-15,201501MM70205,534780.0,175300.0,-0.061318,51.460636,1,3,2,1,5,08:40,8,E09000028,5,0,6,30,3,4,6,0,0,0,1,1,2,0,0,1,1,E01004015,201201KF60173,1,1,3,2,7,2,3,5,2,0,0,2,0,1,London
2015-01-15,201506K096182,372820.0,407780.0,-2.411851,53.565921,6,3,4,2,5,17:21,100,E08000001,3,666,3,50,0,-1,-1,0,0,0,4,1,2,0,0,1,1,E01004812,201204CA12032,1,1,1,1,16,4,3,0,0,0,0,0,2,1,Bolton
2015-01-15,201522F500585,351510.0,329090.0,-2.721593,52.857105,22,3,1,1,5,08:30,286,E06000051,6,0,6,30,0,-1,-1,0,0,0,1,1,1,0,0,2,2,E01028886,2012130349078,1,1,3,1,23,5,3,9,8,0,0,0,0,1,
2015-01-15,2015450021213,516742.0,149538.0,-0.329277,51.233095,45,3,1,1,5,15:10,512,E10000030,3,25,6,30,0,-1,-1,0,1,1,1,1,1,0,0,1,1,E01030538,201231C247112,2,1,1,1,37,7,2,0,0,0,0,0,1,-1,Mole Valley
2015-01-15,2015100039315,427464.0,571641.0,-1.571798,55.03853,10,2,1,3,5,15:30,148,E08000022,6,2171,6,20,3,4,6,2171,0,0,1,4,1,0,0,1,1,E01008475,201205AA01703,2,1,1,2,29,6,3,0,0,0,0,0,9,1,Newcastle upon Tyne
2015-01-15,201506L096183,368320.0,403630.0,-2.47937,53.528368,6,3,2,1,5,22:25,114,E08000010,3,579,6,30,6,2,6,0,0,5,7,4,1,0,0,1,1,E01006290,201204CA12215,1,2,2,2,64,9,2,0,0,1,0,0,9,1,
2015-01-15,2015450021246,524938.0,159242.0,-0.208555,51.318575,45,3,2,2,5,13:35,513,E10000030,4,2219,6,30,9,4,6,0,0,0,1,1,1,0,0,1,2,E01030559,201231C248212,1,1,1,1,20,4,3,0,0,0,0,0,9,1,Reigate and Banstead
2015-01-15,201506K096683,373840.0,410310.0,-2.396664,53.588713,6,3,1,1,5,15:35,100,E08000001,5,0,6,30,0,-1,-1,0,0,0,1,1,1,0,0,1,1,E01004794,201204CA12042,1,1,1,1,80,11,3,0,0,0,0,0,9,1,Bolton
2015-01-15,2015460251983,558920.0,141670.0,0.270922,51.152226,46,3,3,2,5,19:30,543,E10000016,5,389,6,30,6,3,6,0,0,0,4,8,2,0,0,1,1,E01024845,201232N152312,1,1,3,1,27,6,3,6,9,0,0,0,0,1,Tunbridge Wells
2015-01-15,201501ZD30026,532310.0,165350.0,-0.100561,51.371802,1,3,2,1,5,11:24,20,E09000008,3,235,6,30,3,4,6,0,0,1,1,1,2,0,0,1,1,E01001043,201201VK30170,1,2,2,2,17,4,3,0,0,1,0,0,9,1,London
2015-01-15,201522D500187,378850.0,272580.0,-2.31193,52.350875,22,1,2,4,5,17:50,278,E10000034,4,4194,6,60,0,-1,-1,0,0,0,6,5,2,0,0,2,1,E01032428,2012130295043,2,1,1,1,17,4,3,0,0,0,0,0,1,1,Wyre Forest
2015-01-15,201550JN2A001,287359.0,71377.0,-3.59066,50.531292,50,3,3,3,5,07:50,585,E10000008,3,380,3,50,0,-1,-1,0,0,0,1,1,2,0,0,2,1,E01020211,2012370278312,2,12,2,2,15,3,3,0,0,0,4,0,11,1,Teignbridge
2015-01-15,201550JT2C001,249347.0,71829.0,-4.126827,50.526795,50,3,2,1,5,07:30,589,E10000008,6,0,6,30,0,-1,-1,0,0,0,1,2,2,0,2,2,1,E01020341,2012370341712,2,1,1,1,18,4,2,0,0,0,0,0,5,1,West Devon
2015-01-15,2015100016815,427113.0,566099.0,-1.577813,54.988749,10,3,2,1,5,08:45,147,E08000021,3,188,6,30,3,4,6,1234,0,0,1,4,1,0,0,1,1,E01008365,2012050667813,1,1,1,1,47,8,3,0,0,0,0,0,9,1,Newcastle upon Tyne
2015-01-15,2015100017115,431931.0,556837.0,-1.503547,54.905238,10,1,2,2,5,07:35,150,E08000024,6,5221,6,30,7,4,3,1231,0,0,4,1,2,0,0,1,1,E01008846,2012050668313,2,1,2,2,39,7,3,0,0,1,0,0,9,1,
2015-01-15,2015450021766,538809.0,145038.0,-0.015136,51.18772,45,3,1,2,5,18:00,516,E10000030,6,408,6,30,0,-1,-1,0,0,0,6,4,5,5,0,2,1,E01030834,201231C289712,2,1,1,1,31,6,3,0,0,0,0,0,1,1,
2015-01-15,2015320002576,556892.0,365567.0,0.345387,53.164108,32,3,2,2,5,13:30,351,E10000019,3,52,6,30,3,4,6,0,0,0,1,4,1,0,0,1,1,E01026116,201214K209212,1,1,1,2,23,5,2,0,0,0,0,0,9,1,East Lindsey
2015-01-15,201531C017515,455373.0,341030.0,-1.17705,52.963785,31,3,2,1,5,18:00,346,E06000018,3,610,6,30,6,2,3,6130,0,5,4,1,1,0,0,1,1,E01013944,201214C043112,2,1,1,1,22,5,2,0,0,0,0,0,5,1,City of Nottingham
2015-01-15,2015100018215,393973.0,563972.0,-2.095678,54.97033,10,2,2,1,5,09:09,139,E06000048,3,695,1,30,1,4,4,6305,0,0,1,1,2,0,0,1,1,E01027494,201205AA01036,1,1,3,2,46,8,3,5,1,0,0,0,0,1,
2015-01-15,201520M002595,430550.0,276380.0,-1.552573,52.384604,20,3,1,1,5,09:55,302,E08000026,6,0,6,30,3,4,6,0,0,0,1,8,1,0,0,1,1,E01033058,2012120011415,2,1,1,2,55,8,3,0,0,0,0,0,9,2,Coventry
2015-01-15,201501KD50043,551850.0,189460.0,0.19031,51.583544,1,3,2,1,5,15:15,15,E09000016,3,118,6,30,0,-1,-1,0,0,0,1,1,1,0,0,1,2,E01002353,201201HT20149,1,1,1,1,21,5,3,0,0,0,0,0,1,1,London
2015-01-15,2015320002645,513368.0,339992.0,-0.314283,52.945349,32,3,1,1,5,15:20,353,E10000019,4,1394,6,30,0,-1,-1,0,0,0,1,4,2,0,0,2,1,E01026201,201214K209712,1,1,1,2,29,6,3,0,0,0,0,0,9,1,North Kesteven
2015-01-15,2015450021774,517338.0,144114.0,-0.322516,51.184222,45,3,1,1,5,15:00,512,E10000030,6,551,6,40,0,-1,-1,0,0,0,1,1,2,0,0,2,1,E01030515,201231C290512,1,1,1,1,62,9,3,0,0,0,0,0,9,1,Mole Valley
2015-01-15,2015450021796,508248.0,168609.0,-0.445102,51.406187,45,3,4,1,5,08:40,40,E10000030,6,6263,6,30,0,-1,-1,0,0,0,1,1,2,0,0,2,1,E01030722,201231C293212,2,1,1,1,38,7,3,0,0,0,0,0,9,1,Spelthorne
2015-01-15,2015450021811,484113.0,146510.0,-0.797202,51.21161,45,2,2,1,5,05:52,517,E10000030,3,287,6,30,3,4,6,0,0,0,4,9,2,0,0,1,2,E01030885,201231C294212,1,1,1,2,48,8,3,0,0,0,0,0,9,1,Waverley
2015-01-15,2015450021855,521602.0,164883.0,-0.254476,51.369996,45,3,2,1,5,07:00,38,E10000030,6,2412,6,30,3,4,6,0,0,0,4,1,1,0,0,1,2,E01030377,201231C296112,1,1,1,1,39,7,3,0,0,0,0,0,9,1,Epsom and Ewell
2015-01-15,2015450021879,516819.0,147555.0,-0.32882,51.215256,45,3,2,1,5,17:50,512,E10000030,3,24,1,50,1,4,3,2003,0,0,7,9,-1,0,0,1,2,E01030547,201231C300312,1,3,1,1,44,7,3,0,0,0,0,0,9,1,Mole Valley
2015-01-15,2015100019415,433247.0,560603.0,-1.48259,54.938993,10,3,2,2,5,16:00,149,E08000023,6,3552,6,30,0,-1,-1,0,0,0,6,5,2,0,0,2,1,E01008629,201205AA01104,2,2,2,2,65,9,3,0,0,1,0,0,9,1,South Tyneside
2015-01-15,2015100023015,431019.0,571134.0,-1.516229,55.033766,10,3,2,1,5,20:15,148,E08000022,3,186,1,30,1,4,4,1322,0,0,4,5,2,0,0,1,1,E01032648,201205AA01188,1,1,1,2,33,6,3,0,0,0,0,0,9,1,North Tyneside
2015-01-15,201550AH2D001,163657.0,30209.0,-5.30793,50.124788,50,3,1,1,5,15:10,596,E06000052,4,3303,6,30,0,-1,-1,0,0,0,1,1,1,0,0,2,2,E01018905,2012360065679,1,3,2,1,16,4,3,0,0,0,0,0,19,3,
2015-01-15,2015440018318,450224.0,109690.0,-1.287406,50.884524,44,3,2,1,5,06:45,492,E10000014,1,27,3,70,0,-1,-1,0,0,0,7,1,1,0,0,2,1,E01022774,201230C002639,2,2,2,2,24,5,3,0,0,1,0,0,9,2,
2015-01-15,2015440015294,445951.0,147081.0,-1.34341,51.221083,44,3,1,1,5,01:37,490,E10000014,3,34,3,70,0,-1,-1,0,0,0,6,5,5,5,0,2,1,E01022564,201230C002606,1,1,1,2,23,5,3,0,0,0,0,0,9,3,Basingstoke and Deane
2015-01-15,2015440015342,454137.0,105502.0,-1.232404,50.846515,44,3,2,1,5,08:00,492,E10000014,6,0,6,30,0,-1,-1,0,0,0,1,2,2,0,0,1,1,E01022781,201230C002606,1,2,2,2,23,5,3,0,0,1,0,0,9,-1,
2015-01-15,2015450021777,538640.0,143461.0,-0.018161,51.173589,45,3,2,3,5,09:40,516,E10000030,5,88,6,30,3,4,6,0,0,0,1,1,2,0,0,2,1,E01030833,201231C291412,1,1,2,2,17,4,3,0,0,2,0,0,8,1,
2015-01-15,201543W106015,461412.0,169019.0,-1.118276,51.41687,43,3,2,1,5,08:40,471,E06000037,3,4,3,60,3,4,6,7123,0,0,1,1,1,0,0,2,1,E01016328,201230C000994,1,2,2,2,20,4,3,0,0,1,0,0,9,1,
2015-01-15,201550FT2J002,290504.0,64380.0,-3.54425,50.468989,50,3,2,1,5,17:12,587,E06000027,6,0,6,30,6,2,6,0,0,5,4,1,1,0,0,1,1,E01015261,2012370111512,1,1,1,1,51,8,2,0,0,0,0,0,5,3,
2015-01-15,201550ED2M003,245359.0,55443.0,-4.176278,50.378499,50,3,1,1,5,07:40,583,E06000026,4,3396,6,30,3,2,6,0,0,0,4,4,2,0,0,1,1,E01015045,201236T120154,2,2,2,2,48,8,3,0,0,1,0,0,9,1,Plymouth
2015-01-15,201543W234015,459382.0,166270.0,-1.147924,51.392371,43,3,2,2,5,07:42,471,E06000037,3,340,6,60,3,4,6,7101,0,0,1,1,2,0,0,2,1,E01016254,201230C001991,1,1,1,1,31,6,3,0,0,0,0,0,9,1,
2015-01-15,201501XH30021,509720.0,187970.0,-0.417935,51.579922,1,3,2,1,5,08:51,26,E09000017,6,0,6,30,6,4,6,0,0,0,1,1,2,0,0,1,1,E01002430,201201TB00500,1,1,1,1,24,5,3,0,0,0,0,0,9,1,London
2015-01-15,201550GA2C003,194433.0,53322.0,-4.890512,50.343852,50,3,1,1,5,20:15,596,E06000052,6,0,6,30,3,4,6,0,0,0,4,1,2,0,0,2,2,E01019072,2012370127812,1,2,2,2,18,4,3,0,0,2,0,0,9,1,
2015-01-15,2015030000104,340240.0,555870.0,-2.933268,54.893975,3,2,1,1,5,17:24,62,E10000006,6,0,6,30,6,2,6,0,2,5,4,5,2,0,0,1,1,E01019206,201201WW50520,1,1,1,1,31,6,3,0,0,0,0,0,5,1,Carlisle
2015-01-15,2015030000099,340880.0,555100.0,-2.923133,54.887132,3,2,1,1,5,14:30,62,E10000006,3,6,6,30,3,2,6,0,0,0,1,4,2,0,0,1,2,E01019236,201201WW50515,2,1,1,1,38,7,3,0,0,0,0,0,3,1,Carlisle
2015-01-15,2015450021417,499587.0,156120.0,-0.57307,51.29551,45,3,2,2,5,18:30,518,E10000030,3,320,1,30,1,4,4,380,0,0,7,1,2,0,0,2,2,E01030986,201231C256412,2,1,1,1,18,4,3,0,0,0,0,0,1,1,
2015-01-15,2015440015753,464437.0,101104.0,-1.086893,50.805917,44,2,2,1,5,13:20,498,E06000044,3,3,1,30,1,4,6,0,0,0,1,1,2,0,0,1,1,E01017038,201230C002610,1,1,1,1,44,7,3,0,0,0,0,0,19,1,Portsmouth
2015-01-15,2015320002799,496783.0,370765.0,-0.551759,53.225124,32,2,1,1,5,10:25,352,E10000019,4,1003,3,40,6,2,6,0,0,8,1,1,1,0,0,1,2,E01026132,201214K210612,1,2,2,2,18,4,3,0,0,1,0,0,9,1,Lincoln
2015-01-15,2015440015815,441853.0,116457.0,-1.405623,50.946038,44,3,2,1,5,07:40,500,E06000045,3,33,6,30,3,4,6,0,0,4,4,1,2,0,0,1,2,E01017146,201230C002611,2,1,1,1,31,6,3,0,0,0,0,0,1,-1,Southampton
2015-01-15,2015440016002,436911.0,116290.0,-1.475983,50.944873,44,3,2,1,5,15:50,501,E10000014,1,271,3,70,1,2,1,27,0,0,1,1,1,4,0,2,1,E01023170,201230C002612,1,1,1,1,-1,-1,3,0,0,0,0,0,9,1,Test Valley
2015-01-15,201531C009715,452004.0,341137.0,-1.227186,52.965083,31,3,2,1,5,15:40,346,E06000018,6,0,2,30,0,-1,-1,0,0,0,1,1,1,0,0,1,2,E01013868,201214C037912,1,4,2,2,17,4,3,0,0,2,0,0,9,1,City of Nottingham
2015-01-15,2015440016015,442876.0,111204.0,-1.391679,50.898729,44,3,2,1,5,07:30,500,E06000045,3,3025,6,30,6,2,4,3039,0,5,7,1,1,0,0,1,2,E01017142,201230C002613,1,1,1,1,43,7,3,0,0,0,0,0,9,3,Southampton
2015-01-15,2015440016147,457019.0,99656.0,-1.19238,50.793673,44,3,2,2,5,16:50,493,E10000014,4,3333,6,30,3,4,6,0,0,8,4,4,2,0,0,1,1,E01022830,201230C002615,2,1,1,1,22,5,2,0,0,0,0,0,3,1,
2015-01-15,2015440016176,459028.0,90483.0,-1.165347,50.710992,44,3,2,1,5,18:10,505,E06000046,6,0,1,40,1,4,6,0,0,0,6,2,2,0,0,2,1,E01017283,201230C002616,1,1,3,1,49,8,3,6,9,0,0,2,0,2,
2015-01-15,2015440016212,472233.0,108100.0,-0.974895,50.867901,44,2,2,1,5,17:31,495,E10000014,6,0,6,30,0,-1,-1,0,0,0,4,1,2,0,0,1,1,E01022917,201230C002617,1,1,1,1,51,8,3,0,0,0,0,0,21,1,
2015-01-15,2015440016788,437323.0,115033.0,-1.470247,50.933544,44,3,2,1,5,07:45,501,E10000014,6,0,3,40,3,4,6,0,0,0,7,1,1,0,0,2,2,E01023170,201230C002620,2,2,2,2,49,8,3,0,0,1,0,0,9,2,Test Valley
2015-01-15,201504ED15033,368570.0,423290.0,-2.477591,53.705085,4,3,2,1,5,12:00,70,E06000008,3,666,6,30,5,2,6,0,0,0,1,1,1,0,0,1,1,E01012651,201201XD80660,2,1,1,1,51,8,3,0,0,0,0,0,1,1,
2015-01-15,2015440017193,445565.0,110802.0,-1.353494,50.894909,44,2,1,1,5,18:00,500,E06000045,3,3025,6,30,2,4,6,0,0,0,4,9,2,0,0,1,2,E01017261,201230C002624,2,2,2,2,39,7,3,0,0,2,0,0,9,1,Southampton
2015-01-15,201501HT20033,534520.0,181720.0,-0.062614,51.518391,1,3,2,1,5,07:20,5,E09000030,3,11,6,30,6,2,4,108,0,5,1,1,1,0,0,1,2,E01004322,201201EK40686,2,1,1,1,25,5,2,0,0,0,0,0,3,1,London
2015-01-15,201531C008915,454426.0,346373.0,-1.19025,53.011906,31,3,1,1,5,11:30,346,E06000018,3,6002,6,30,3,4,6,0,0,4,1,1,1,0,0,1,2,E01013879,201214C037812,2,2,1,1,38,7,2,0,0,0,0,0,9,3,City of Nottingham
2015-01-15,201520W009665,407040.0,289020.0,-1.897727,52.49904,20,3,2,1,5,17:48,300,E08000025,4,4515,6,30,3,2,4,4515,0,5,4,4,2,0,0,1,1,E01033628,2012120175460,1,1,1,1,53,8,3,0,0,0,0,0,9,3,Birmingham
2015-01-15,201501MM70156,532240.0,178500.0,-0.096661,51.489992,1,3,1,2,5,18:15,8,E09000028,3,215,6,30,3,4,6,0,0,4,4,4,2,0,0,1,1,E01032722,201201KF60140,1,2,2,2,25,5,3,0,0,1,0,0,9,1,London