Date,Accident_Index_x,Location_Easting_OSGR,Location_Northing_OSGR,Longitude,Latitude,Police_Force,Accident_Severity,Number_of_Vehicles,Number_of_Casualties,Day_of_Week,Time,Local_Authority_(District),Local_Authority_(Highway),1st_Road_Class,1st_Road_Number,Road_Type,Speed_limit,Junction_Detail,Junction_Control,2nd_Road_Class,2nd_Road_Number,Pedestrian_Crossing-Human_Control,Pedestrian_Crossing-Physical_Facilities,Light_Conditions,Weather_Conditions,Road_Surface_Conditions,Special_Conditions_at_Site,Carriageway_Hazards,Urban_or_Rural_Area,Did_Police_Officer_Attend_Scene_of_Accident,LSOA_of_Accident_Location,Accident_Index_y,Vehicle_Reference,Casualty_Reference,Casualty_Class,Sex_of_Casualty,Age_of_Casualty,Age_Band_of_Casualty,Casualty_Severity,Pedestrian_Location,Pedestrian_Movement,Car_Passenger,Bus_or_Coach_Passenger,Pedestrian_Road_Maintenance_Worker,Casualty_Type,Casualty_Home_Area_Type,city
2015-01-15,2015440016143,453083.0,90797.0,-1.249493,50.714388,44,2,1,1,5,17:45,505,E06000046,6,0,6,60,0,-1,-1,0,0,0,6,5,2,0,0,2,1,E01017368,201230C002614,1,1,1,2,49,8,2,0,0,0,0,0,9,3,
2015-01-15,2015471500281,579461.0,108786.0,0.548088,50.850753,47,3,2,1,5,09:00,552,E10000011,3,259,6,30,0,-1,-1,0,0,0,1,5,2,0,0,1,1,E01020985,201234WN03072,2,1,1,1,25,5,3,0,0,0,0,0,9,1,
2015-01-15,201501XD80039,516850.0,180180.0,-0.317667,51.508478,1,3,2,1,5,20:25,27,E09000009,6,0,6,30,0,-1,-1,0,0,0,4,1,1,0,0,1,1,E01001382,201201TA00572,1,1,2,2,35,6,3,0,0,1,0,0,9,1,London
2015-01-15,201511SK01505,423133.0,526621.0,-1.643149,54.63419,11,3,2,1,5,18:15,169,E06000047,5,35,6,30,3,4,6,0,0,0,4,1,1,0,0,2,2,E01020839,201205FF03307,1,1,3,2,26,6,3,5,1,0,0,0,0,-1,
2015-01-15,201501SX20014,526330.0,194350.0,-0.176048,51.633783,1,3,2,2,5,11:50,30,E09000003,3,1000,6,30,3,4,6,0,0,0,1,1,1,0,0,1,1,E01000282,201201PY20692,1,1,1,1,20,4,3,0,0,0,0,0,2,1,London
2015-01-15,2015331500060,453706.0,299185.0,-1.208714,52.587824,33,3,1,1,5,15:32,360,E10000018,6,4105,6,30,3,4,6,4111,0,0,1,1,1,0,0,1,1,E01025626,2012160C00161,1,1,1,2,46,8,3,0,0,0,0,0,9,1,
2015-01-15,201520H001735,396610.0,298410.0,-2.051465,52.583487,20,3,2,2,5,13:00,307,E08000030,4,4464,6,30,8,4,6,0,0,0,1,1,1,0,0,1,1,E01010406,201211NG00442,2,3,2,2,46,8,2,0,0,1,0,0,9,1,
2015-01-15,20154100E0054,526170.0,226590.0,-0.166652,51.923542,41,3,2,1,5,13:06,435,E10000015,6,401,6,30,8,4,-1,-1,0,0,1,1,2,0,0,1,1,E01023789,2012212001830,1,1,1,2,19,4,3,0,0,0,0,0,9,1,Stevenage
2015-01-15,201520K002175,404630.0,294230.0,-1.933156,52.545902,20,3,2,1,5,13:18,305,E08000028,3,34,3,40,7,2,3,4041,0,5,1,1,1,0,0,1,1,E01009974,201211SJ00132,1,4,2,2,9,2,3,0,0,1,0,0,9,1,Sandwell
2015-01-15,2015521501869,335966.0,157858.0,-2.920187,51.316211,52,3,2,1,5,10:30,605,E06000024,6,0,6,60,0,-1,-1,0,0,0,1,1,1,0,0,2,2,E01014772,2012400CA0581,1,1,1,1,41,7,3,0,0,0,0,0,9,1,
2015-01-15,201520H001645,406020.0,295900.0,-1.91263,52.560902,20,3,1,1,5,15:13,307,E08000030,6,0,6,30,3,4,4,4154,0,0,1,4,2,0,0,1,1,E01010356,201211NG00112,2,1,1,1,39,7,3,0,0,0,0,0,9,1,
2015-01-15,20154100F0041,515040.0,207150.0,-0.334884,51.751241,41,3,2,1,5,08:10,434,E10000015,4,691,6,30,6,2,6,515,0,5,1,1,2,0,0,1,1,E01023726,2012212002076,1,1,1,1,57,9,3,0,0,0,0,0,9,1,St Albans
2015-01-15,201542I015501,617113.0,216493.0,1.147787,51.8049,42,3,2,1,5,11:45,461,E10000012,3,133,1,30,1,4,6,0,0,0,1,4,1,0,0,1,2,E01022044,2012212005485,1,1,1,1,61,9,3,0,0,0,0,0,9,1,
2015-01-15,20154100F0057,513620.0,214100.0,-0.353173,51.813993,41,3,1,1,5,19:40,434,E10000015,6,567,6,30,0,-1,-1,0,0,0,6,1,1,0,0,1,1,E01023701,2012212002083,2,1,1,1,50,8,3,0,0,0,0,0,9,1,St Albans
2015-01-15,201542I014801,599552.0,225207.0,0.898459,51.889686,42,3,2,1,5,16:40,455,E10000012,6,0,2,20,0,-1,-1,0,0,0,4,1,1,0,0,1,2,E01021649,2012212005462,1,1,1,1,55,8,3,0,0,0,0,0,9,1,
2015-01-15,201501QA10029,515950.0,188080.0,-0.328029,51.579665,1,3,2,1,5,09:08,29,E09000015,3,409,6,30,3,4,6,0,0,0,1,4,1,0,0,1,2,E01002126,201201MM70249,1,1,3,2,46,8,3,5,3,0,0,2,0,-1,London
2015-01-15,2015621500179,313011.0,175967.0,-3.253931,51.475951,62,3,1,1,5,15:29,741,W06000015,6,0,6,30,6,4,6,0,0,0,1,1,1,0,0,1,1,W01001742,201242I264508,2,1,1,1,46,8,3,0,0,0,0,0,9,1,Cardiff
2015-01-15,201501QA10033,515680.0,187820.0,-0.332009,51.577383,1,3,2,1,5,19:00,29,E09000015,3,404,6,30,3,4,6,0,0,0,4,1,1,0,0,1,2,E01002137,201201MM70251,1,1,1,2,25,5,3,0,0,0,0,0,1,1,London
2015-01-15,201520K001075,400910.0,291290.0,-1.988019,52.51949,20,2,1,1,5,11:08,305,E08000028,6,0,6,20,0,-1,-1,0,0,0,1,8,2,0,0,1,1,E01010104,201211SC23622,2,1,1,1,50,8,3,0,0,0,0,0,19,3,Sandwell
2015-01-15,201501QA10038,513960.0,191410.0,-0.355655,51.609999,1,3,2,1,5,18:16,29,E09000015,3,4008,6,30,1,4,3,410,0,0,4,2,2,0,0,1,1,E01002148,201201MM70257,1,1,3,2,27,6,3,5,1,0,0,2,0,1,London
2015-01-15,201520K001065,398890.0,289340.0,-2.017781,52.501959,20,2,2,1,5,10:18,305,E08000028,3,457,1,30,1,4,6,0,0,0,1,5,2,0,0,1,1,E01010017,201211SC23472,1,1,1,1,44,7,2,0,0,0,0,0,21,1,Sandwell
2015-01-15,2015621500140,304538.0,206922.0,-3.384338,51.752827,62,3,1,1,5,05:22,742,W06000024,6,0,6,30,6,4,6,0,0,0,4,5,2,0,0,1,1,W01001306,201242I261808,2,1,1,1,23,5,3,0,0,0,0,0,9,1,
2015-01-15,201542I013101,574607.0,194120.0,0.520768,51.618819,42,3,2,1,5,14:50,450,E10000012,6,0,6,30,9,4,6,0,0,0,1,1,1,0,0,1,1,E01021334,2012212005438,1,1,3,1,30,6,3,8,5,0,0,2,0,1,
2015-01-15,201543P348015,451285.0,206325.0,-1.258451,51.753277,43,3,1,1,5,17:15,482,E10000025,6,320,6,20,0,-1,-1,0,0,0,4,9,1,0,0,1,2,E01028521,2012232663312,2,1,1,1,46,8,3,0,0,0,0,0,1,-1,Oxford
2015-01-15,201504SA15026,354840.0,427260.0,-2.686145,53.739755,4,3,2,1,5,13:05,83,E10000017,6,0,6,30,3,4,6,0,0,0,1,4,1,0,0,2,1,E01025464,201201XH30797,1,1,1,2,-1,-1,3,0,0,0,0,0,9,-1,South Ribble
2015-01-15,201536T150003,609688.0,312240.0,1.099613,52.667293,36,3,5,1,5,09:06,400,E10000020,3,47,6,60,0,-1,-1,0,0,0,1,1,2,0,0,2,1,E01026481,201220M016722,1,1,1,1,26,6,3,0,0,0,0,0,19,1,Breckland
2015-01-15,201504SA15031,355180.0,429690.0,-2.681344,53.761624,4,3,2,2,5,21:06,79,E10000017,6,0,6,30,9,4,6,0,0,0,4,2,2,0,0,1,1,E01025247,201201XH30803,1,2,2,2,87,11,3,0,0,0,0,0,90,1,Preston
2015-01-15,201506E096575,384420.0,397110.0,-2.236175,53.470491,6,3,2,1,5,17:45,102,E08000003,3,34,2,30,6,4,6,0,0,8,4,1,1,0,0,1,1,E01005066,201204AX12025,1,1,1,2,47,8,3,0,0,0,0,0,19,1,Manchester
2015-01-15,201542I011801,584679.0,193098.0,0.665553,51.606428,42,2,1,1,5,15:03,459,E10000012,6,0,6,30,3,4,6,0,0,0,1,1,1,0,0,1,2,E01021940,2012212005422,2,1,1,2,24,5,3,0,0,0,0,0,9,1,
2015-01-15,201501EO40037,531470.0,186790.0,-0.104654,51.564669,1,3,1,1,5,16:50,3,E09000019,3,503,6,20,3,4,3,1201,0,0,4,1,1,0,0,1,1,E01002734,201201CW10077,1,1,3,2,56,9,3,1,1,0,0,2,0,1,London
2015-01-15,201501EO40035,531610.0,184600.0,-0.103454,51.544956,1,2,1,1,5,17:47,3,E09000019,3,1,6,30,0,-1,-1,0,0,0,4,1,2,0,0,1,1,E01002795,201201CW10075,1,1,3,2,11,3,3,5,2,0,0,2,0,1,London
2015-01-15,2015530209303,395347.0,222003.0,-2.069027,51.896554,53,3,2,1,5,08:30,620,E10000013,5,9018,6,30,6,2,3,435,0,0,1,2,2,0,0,1,2,E01022102,20124100B0595,2,3,1,2,21,5,3,0,0,0,0,0,9,1,
2015-01-15,201501SX20027,524140.0,191090.0,-0.208829,51.604973,1,3,2,1,5,19:09,30,E09000003,5,0,6,30,0,-1,-1,0,0,0,4,4,1,0,0,1,1,E01000259,201201PY20704,1,1,1,1,76,11,3,0,0,0,0,0,9,1,London
2015-01-15,2015555998984,405507.0,99153.0,-1.923237,50.791919,55,3,1,1,5,03:30,647,E10000009,4,3073,6,40,6,4,6,0,0,0,6,5,2,0,2,2,1,E01020399,201242I063503,2,1,1,1,17,4,3,0,0,0,0,0,3,1,
2015-01-15,2015555998987,367806.0,87555.0,-2.457092,50.68675,55,3,4,4,5,17:25,645,E10000009,3,354,6,60,0,-1,-1,0,0,0,6,1,1,0,0,2,1,E01020549,201242I063603,1,1,3,2,43,7,2,5,2,0,0,2,0,-1,
2015-01-15,2015555998996,410032.0,104761.0,-1.858887,50.842289,55,2,2,1,5,17:50,647,E10000009,5,2,6,40,8,4,6,0,0,0,6,4,1,0,0,2,1,E01020412,201242I063703,1,1,2,2,7,2,3,0,0,2,0,0,9,1,
2015-01-15,2015555999000,367843.0,87635.0,-2.456575,50.687472,55,3,2,2,5,17:30,645,E10000009,3,354,6,60,0,-1,-1,0,0,0,6,4,2,0,0,2,1,E01020549,201242I063803,3,1,2,2,40,7,3,0,0,1,0,0,9,2,
2015-01-15,2015555999005,405012.0,110421.0,-1.930109,50.89325,55,2,1,1,5,23:00,647,E10000009,4,3081,6,60,0,-1,-1,0,0,0,6,1,2,0,0,2,1,E01020389,201242I063803,3,2,2,2,10,2,3,0,0,2,0,0,9,2,
2015-01-15,201543P205015,459824.0,223323.0,-1.131832,51.905243,43,2,2,1,5,17:41,481,E10000025,6,129,6,30,3,4,6,0,0,0,4,1,1,0,0,1,1,E01028455,2012231113212,2,1,1,1,23,5,3,0,0,0,0,0,1,1,Cherwell
2015-01-15,2015170L30415,456484.0,522266.0,-1.127372,54.592434,17,3,2,2,5,17:50,241,E06000003,3,1085,3,60,0,-1,-1,0,0,0,4,2,2,0,0,2,1,E01012107,2012100458712,2,1,1,1,46,8,2,0,0,0,0,0,5,1,
2015-01-15,201501SX20051,527210.0,189610.0,-0.165058,51.590988,1,3,1,1,5,07:40,30,E09000003,3,1000,6,30,0,-1,-1,0,0,0,1,1,1,0,0,1,1,E01000181,201201PY20731,2,2,1,1,44,7,3,0,0,0,0,0,5,1,London
2015-01-15,2015530209331,385705.0,200939.0,-2.208274,51.707003,53,3,2,2,5,07:30,624,E10000013,5,265,6,60,0,-1,-1,0,0,0,1,5,2,0,0,2,1,E01022382,20124100B0638,2,1,1,2,33,6,2,0,0,0,0,0,9,-1,
2015-01-15,20154100B0023,523420.0,208740.0,-0.212985,51.763748,41,3,2,1,5,14:30,438,E10000015,6,518,6,30,0,-1,-1,0,0,0,1,1,1,0,0,1,2,E01023926,2012212000256,2,1,1,2,26,6,3,0,0,0,0,0,9,1,Welwyn Hatfield
2015-01-15,201543R089015,495454.0,176989.0,-0.626724,51.483809,43,3,2,1,5,07:44,474,E06000040,3,308,1,30,1,4,6,7409,0,0,1,1,2,0,0,1,1,E01016552,2012233090712,3,3,1,1,36,7,2,0,0,0,0,0,5,-1,
2015-01-15,2015051500193,335178.0,382063.0,-2.97482,53.33149,5,2,3,1,5,12:02,95,E08000015,3,41,3,40,3,2,6,0,0,5,1,1,1,0,0,1,1,E01007135,201201ZD30743,1,1,1,1,22,5,3,0,0,0,0,0,3,1,
2015-01-15,201504WA15019,331830.0,434240.0,-3.036489,53.799976,4,3,1,1,5,08:15,71,E06000009,3,5073,6,30,3,4,6,0,1,1,1,4,1,0,0,1,1,E01012746,201201YR90197,2,2,1,1,48,8,3,0,0,0,0,0,9,1,
2015-01-15,201514K010415,436560.0,390224.0,-1.451512,53.407572,14,3,1,1,5,16:34,215,E08000019,3,6102,6,40,5,4,4,6086,0,4,1,1,2,0,0,1,1,E01007942,2012070291902,1,1,1,2,47,8,3,0,0,0,0,0,9,1,Sheffield
2015-01-15,201506F096311,381900.0,397890.0,-2.274183,53.477421,6,3,2,1,5,08:15,107,E08000006,3,57,3,40,3,4,6,0,0,0,1,1,2,0,0,1,1,E01005667,201204BA12063,1,1,1,1,20,4,3,0,0,0,0,0,9,2,Salford
2015-01-15,201563AC00115,214320.0,226600.0,-4.700683,51.906909,63,2,2,1,5,10:40,751,W06000010,3,478,6,40,7,4,6,0,0,0,1,1,2,0,0,2,1,W01000674,201243N027112,1,1,1,1,29,6,3,0,0,0,0,0,9,1,
2015-01-15,201514K010615,435286.0,393960.0,-1.470258,53.441238,14,3,2,1,5,17:20,215,E08000019,4,6087,6,30,3,4,6,6087,0,0,4,4,2,0,0,1,2,E01008135,2012070292028,1,1,1,1,19,4,3,0,0,0,0,0,3,3,Sheffield
2015-01-15,201514A009915,464123.0,401697.0,-1.034611,53.508059,14,3,2,1,5,11:15,211,E08000017,4,1396,6,30,0,-1,-1,0,0,0,1,1,1,0,0,2,2,E01007601,2012070098594,1,1,3,2,40,7,3,5,1,0,0,0,0,1,Doncaster
2015-01-15,201506F096204,376360.0,398810.0,-2.357723,53.485469,6,2,1,1,5,07:59,107,E08000006,6,0,6,30,0,-1,-1,0,0,1,1,1,2,0,0,1,1,E01005632,201204BA12061,1,1,1,1,35,6,2,0,0,0,0,0,1,1,Salford
2015-01-15,201506F096188,383500.0,398750.0,-2.250121,53.485204,6,3,1,1,5,16:17,107,E08000006,3,6041,6,30,3,4,6,0,0,0,1,4,2,0,0,1,1,E01032909,201204BA12060,2,4,2,1,19,4,3,0,0,1,0,0,9,1,Salford
2015-01-15,2015621500288,317636.0,175798.0,-3.187313,51.475125,62,3,2,1,5,14:00,741,W06000015,3,4119,6,30,6,4,6,0,0,1,1,1,1,0,0,1,1,W01001764,201242I273509,2,2,1,1,66,10,3,0,0,0,0,0,9,2,Cardiff
2015-01-15,201537EA87431,566662.0,245307.0,0.430773,52.081033,37,3,1,1,5,17:15,414,E10000029,6,0,6,30,0,-1,-1,0,0,0,4,1,1,0,0,1,2,E01030115,201220N038002,3,1,1,1,49,8,3,0,0,0,0,0,9,1,West Suffolk
2015-01-15,201501SX20031,528330.0,192590.0,-0.14781,51.617514,1,3,2,2,5,09:45,30,E09000003,6,0,6,30,3,4,6,0,0,0,1,1,2,0,0,1,1,E01000160,201201PY20706,1,2,2,1,11,3,3,0,0,2,0,0,9,-1,London
2015-01-15,201537EA87366,572439.0,273646.0,0.529413,52.333797,37,3,2,1,5,15:45,411,E10000029,3,11,3,70,3,4,5,576,0,0,1,1,1,0,0,2,1,E01029945,201220N037022,2,1,1,2,37,7,3,0,0,0,0,0,9,1,West Suffolk
2015-01-15,2015331500056,452071.0,309117.0,-1.231283,52.677261,33,3,1,1,5,21:30,362,E10000018,5,4201,6,60,0,-1,-1,0,0,0,7,3,4,7,0,2,2,E01025687,2012160C00141,1,1,1,2,42,7,3,0,0,0,0,0,9,2,Charnwood
2015-01-15,201501SX20030,527750.0,191270.0,-0.156664,51.605784,1,2,1,2,5,04:00,30,E09000003,3,406,7,40,0,-1,-1,0,0,0,4,5,2,0,0,1,1,E01000164,201201PY20706,1,1,1,2,33,6,3,0,0,0,0,0,9,1,London
2015-01-15,201520K003135,403370.0,287730.0,-1.9518,52.487477,20,2,3,2,5,16:21,305,E08000028,3,4092,6,30,3,4,6,0,0,0,4,8,2,0,0,1,1,E01010065,201211SJ01882,1,1,3,1,68,10,2,5,1,0,0,0,0,1,Sandwell
2015-01-15,2015621500103,318584.0,177346.0,-3.174024,51.489178,62,3,1,1,5,11:25,741,W06000015,6,0,6,30,0,-1,-1,0,0,0,1,1,1,0,0,1,1,W01001922,201242I258808,2,1,1,2,68,10,3,0,0,0,0,0,9,-1,Cardiff
2015-01-15,201543P328015,453176.0,220836.0,-1.228837,51.883557,43,3,2,1,5,15:21,481,E10000025,4,430,6,40,6,4,6,0,0,0,1,1,1,0,0,2,1,E01028424,2012232634612,2,4,2,2,35,6,3,0,0,1,0,0,19,1,Cherwell
2015-01-15,201511SC00875,411118.0,525561.0,-1.829319,54.625069,11,3,1,1,5,09:00,169,E06000047,5,42,6,60,0,-1,-1,0,0,0,1,4,2,6,0,2,1,E01020864,201205FF01212,2,1,1,1,38,7,3,0,0,0,0,0,1,1,
2015-01-15,201543N233015,497822.0,183712.0,-0.590769,51.543836,43,2,2,1,5,16:44,477,E10000002,6,966,6,30,3,4,6,0,0,0,6,1,2,1,0,1,1,E01017832,201222F204511,2,1,1,2,39,7,3,0,0,0,0,0,1,1,
2015-01-15,20154100F0236,512580.0,203010.0,-0.371842,51.714532,41,3,2,1,5,13:41,434,E10000015,3,405,1,60,1,4,3,405,0,0,1,2,2,0,0,2,1,E01023732,2012212002149,1,1,3,2,48,8,3,5,1,0,0,2,0,1,St Albans
2015-01-15,201520G000795,392620.0,300070.0,-2.11039,52.59837,20,2,1,1,5,17:30,309,E08000031,3,460,6,30,6,2,6,0,0,0,4,2,2,0,0,1,1,E01010471,201211ND16992,2,2,2,2,20,4,3,0,0,1,0,0,9,3,Wolverhampton
2015-01-15,201514K026915,434743.0,386513.0,-1.47925,53.374339,14,3,2,1,5,06:30,215,E08000019,3,61,1,40,1,4,3,61,0,0,4,1,1,0,0,1,2,E01008114,2012070296701,2,1,1,2,34,6,3,0,0,0,0,0,9,1,Sheffield
2015-01-15,201543N225015,485654.0,187893.0,-0.765171,51.583396,43,3,1,1,5,03:59,480,E10000002,5,100,6,30,0,-1,-1,0,0,0,6,4,2,0,2,1,1,E01017889,201222F204166,1,1,1,1,25,5,3,0,0,0,0,0,9,1,
2015-01-15,2015405DA0030,511639.0,241620.0,-0.372975,52.061719,40,2,2,2,5,07:55,424,E06000056,3,600,6,60,6,4,6,0,0,0,1,1,2,0,0,2,1,E01017412,201220W038742,2,1,1,1,18,4,3,0,0,0,0,0,2,-1,
2015-01-15,201511ND00915,421100.0,542962.0,-1.673466,54.781126,11,2,1,1,5,21:13,169,E06000047,4,6302,6,60,0,-1,-1,0,0,0,4,2,2,0,0,2,1,E01020715,201205EE04001,1,1,1,2,77,11,3,0,0,0,0,0,9,-1,Durham
2015-01-15,2015405DA0021,500810.0,222435.0,-0.536504,51.891362,40,3,2,1,5,13:34,424,E06000056,6,0,1,20,2,4,6,0,0,4,1,5,2,0,0,1,1,E01017599,201220W038512,2,2,2,2,30,6,3,0,0,1,0,0,9,1,
2015-01-15,20154100G0028,519810.0,227140.0,-0.2589,51.929889,41,3,2,1,5,16:15,433,E10000015,6,66,6,30,0,-1,-1,0,0,0,1,1,2,0,0,2,2,E01023622,2012212002541,2,3,1,1,36,7,3,0,0,0,0,0,9,1,North Hertfordshire
2015-01-15,20154100G0136,538346.0,235997.0,0.014083,52.005177,41,3,2,1,5,17:10,433,E10000015,6,1703,6,30,0,-1,-1,0,0,0,4,1,2,0,0,2,1,E01023598,2012212002581,2,2,1,1,34,6,3,0,0,0,0,0,9,1,North Hertfordshire
2015-01-15,20154100J0021,522600.0,199970.0,-0.227946,51.685114,41,3,2,2,5,11:50,33,E10000015,3,1,1,70,1,2,1,25,0,0,1,1,1,0,0,2,1,E01023584,2012212002998,2,1,1,2,18,4,3,0,0,0,0,0,9,1,Hertsmere
2015-01-15,2015610003215,345363.0,187252.0,-2.789916,51.581466,61,3,2,1,5,18:00,732,W06000021,1,4,3,70,0,-1,-1,0,0,0,4,5,2,0,0,2,1,W01001582,201242I199903,2,2,2,1,4,1,3,0,0,2,0,0,9,1,
2015-01-15,201563BC01015,233250.0,251360.0,-4.437845,52.135308,63,3,2,1,5,17:00,750,W06000008,3,487,6,40,8,4,6,0,0,0,4,1,1,0,0,2,1,W01000545,201243N105032,1,1,1,2,28,6,3,0,0,0,0,0,9,1,
2015-01-15,2015610002415,334411.0,202636.0,-2.950844,51.718597,61,3,1,1,5,16:25,732,W06000021,3,472,6,60,3,4,6,0,0,0,6,5,2,0,0,2,1,W01001560,201242I199407,2,1,1,2,35,6,3,0,0,0,0,0,9,1,
2015-01-15,201506Q096513,393900.0,403980.0,-2.093499,53.532439,6,2,1,1,5,20:30,104,E08000004,6,0,6,30,3,4,6,0,0,0,4,4,1,0,0,1,1,E01005321,201204DA12074,1,1,3,1,21,5,3,5,2,0,0,0,0,1,
2015-01-15,2015160A00101,524445.0,406480.0,-0.123571,53.540229,16,2,1,1,5,19:45,233,E06000012,6,0,6,60,0,-1,-1,0,0,0,6,1,1,0,0,2,1,E01013225,2012100018212,1,2,2,2,19,4,3,0,0,1,0,0,9,-1,
2015-01-15,201501RY10022,548850.0,177720.0,0.142085,51.478859,1,3,2,1,5,17:00,18,E09000004,5,0,6,30,3,4,6,0,0,0,4,1,1,0,0,1,1,E01000420,201201PY20293,1,1,2,2,10,2,3,0,0,1,0,0,9,1,London
2015-01-15,201501RY10036,547110.0,174490.0,0.115704,51.450291,1,3,4,3,5,18:28,18,E09000004,3,2,3,50,0,-1,-1,0,0,0,1,1,1,0,0,1,1,E01000391,201201PY20302,2,1,1,2,19,4,3,0,0,0,0,0,9,1,London
2015-01-15,201501RY10039,548230.0,176000.0,0.132442,51.463567,1,3,1,1,5,20:50,18,E09000004,5,0,6,30,0,-1,-1,0,0,0,4,1,1,0,0,1,1,E01000394,201201PY20307,2,1,1,1,32,6,2,0,0,0,0,0,1,1,London
2015-01-15,201563AC02115,276040.0,234760.0,-3.806992,51.997405,63,3,1,1,5,07:50,751,W06000010,3,40,6,60,8,4,6,0,0,0,1,1,4,0,0,2,1,W01000678,201243N030072,1,1,1,2,24,5,3,0,0,0,0,0,9,1,
2015-01-15,201501RY10041,549430.0,175180.0,0.149358,51.455884,1,3,2,3,5,19:39,18,E09000004,3,207,6,30,6,2,3,207,0,5,4,1,1,0,0,1,1,E01000362,201201PY20309,1,1,3,1,79,11,3,5,1,0,0,2,0,1,London
2015-01-15,201501XD80118,513490.0,182640.0,-0.365269,51.531272,1,2,1,1,5,05:25,27,E09000009,6,0,6,30,3,4,4,455,0,0,4,1,1,0,0,1,1,E01001258,201201TA00637,1,1,3,1,51,8,2,1,1,0,0,2,0,1,London
2015-01-15,2015160B00111,489394.0,412083.0,-0.650704,53.597704,16,3,2,1,5,21:20,232,E06000013,6,0,6,30,0,-1,-1,0,0,0,4,1,2,0,0,1,2,E01013300,2012100090512,1,1,3,2,79,11,2,1,1,0,0,0,0,1,
2015-01-15,201506N096189,380980.0,410100.0,-2.288791,53.587135,6,3,1,2,5,10:44,101,E08000002,4,6219,1,20,1,4,6,0,0,8,1,1,1,0,0,1,1,E01005028,201204CL12005,1,1,2,1,14,3,3,0,0,0,2,0,11,1,Bury
2015-01-15,201543N088015,481018.0,214473.0,-0.825898,51.823016,43,3,2,1,5,17:30,476,E10000002,3,41,1,30,1,4,3,4157,0,0,4,1,1,0,0,1,2,E01017665,201222F200701,2,1,1,2,21,5,3,0,0,0,0,0,2,2,
2015-01-15,201543N109015,479028.0,211625.0,-0.855414,51.797699,43,3,2,3,5,08:45,476,E10000002,5,70,6,40,6,4,5,77,0,0,1,1,2,0,0,2,1,E01017679,201222F201338,2,1,1,2,28,6,3,0,0,0,0,0,9,2,
2015-01-15,2015350023515,548030.0,259520.0,0.165276,52.214015,35,3,2,1,5,12:15,390,E10000003,6,0,6,30,3,4,6,0,0,0,1,1,1,0,0,1,2,E01017944,201220G002462,2,1,1,2,34,6,3,0,0,0,0,0,9,1,Cambridge
2015-01-15,2015520501577,330482.0,137454.0,-2.994899,51.132124,52,2,2,1,5,03:00,607,E10000027,3,38,6,30,0,-1,-1,0,0,1,7,9,1,0,0,1,2,E01029096,2012370480812,1,2,2,1,17,4,3,0,0,1,0,0,9,3,Sedgemoor
2015-01-15,2015331500188,436098.0,316900.0,-1.466665,52.74852,33,3,3,1,5,17:31,366,E10000018,5,7122,6,30,3,4,5,7116,0,0,4,1,1,0,0,1,1,E01025917,2012160C01041,2,1,1,2,43,7,3,0,0,0,0,0,9,2,North West Leicestershire
2015-01-15,2015405BA0046,504212.0,249847.0,-0.478754,52.137103,40,3,2,1,5,10:36,420,E06000055,3,5141,6,30,3,4,6,0,0,0,1,1,1,0,0,1,1,E01017471,201220T032962,1,4,2,1,16,4,3,0,0,2,0,0,9,1,
2015-01-15,201537EA87226,617066.0,244089.0,1.164498,52.052652,37,3,2,1,5,15:27,412,E10000029,3,1156,6,30,0,-1,-1,0,0,4,1,1,1,0,0,1,1,E01033129,201220N031442,1,1,1,1,48,8,2,0,0,0,0,0,9,1,
2015-01-15,201537EA87223,604573.0,275625.0,1.001591,52.340535,37,3,3,1,5,11:25,413,E10000029,5,0,6,30,0,-1,-1,0,0,0,1,1,2,0,0,2,1,E01030067,201220N031402,1,1,3,2,19,4,2,5,1,0,0,0,0,1,
2015-01-15,201537EA87212,616993.0,235874.0,1.158234,51.978935,37,3,2,1,5,08:00,410,E10000029,4,1080,6,30,3,4,6,0,0,0,1,1,1,0,0,2,1,E01029897,201220N030692,1,1,3,1,17,4,3,6,9,0,0,0,0,1,Babergh
2015-01-15,201504EG15004,388110.0,440190.0,-2.182252,53.857796,4,2,1,1,5,17:05,77,E10000017,4,6247,6,20,0,-1,-1,0,0,0,4,4,2,0,0,1,1,E01025222,201201XH30538,1,1,3,2,5,1,2,5,1,0,0,2,0,1,Pendle
2015-01-15,2015621500098,322430.0,178607.0,-3.118919,51.501055,62,3,2,1,5,06:27,741,W06000015,4,4239,6,30,3,4,6,0,0,0,4,2,2,0,0,1,1,W01001885,201242I258508,1,1,1,2,56,9,3,0,0,0,0,0,9,1,Cardiff
2015-01-15,201504WA15031,331760.0,436240.0,-3.037996,53.81794,4,2,1,1,5,11:40,71,E06000009,3,583,6,30,6,2,3,583,0,4,1,4,1,0,0,1,1,E01012735,201201YR90207,1,1,1,1,24,5,3,0,0,0,0,0,9,1,