Date,Accident_Index_x,Location_Easting_OSGR,Location_Northing_OSGR,Longitude,Latitude,Police_Force,Accident_Severity,Number_of_Vehicles,Number_of_Casualties,Day_of_Week,Time,Local_Authority_(District),Local_Authority_(Highway),1st_Road_Class,1st_Road_Number,Road_Type,Speed_limit,Junction_Detail,Junction_Control,2nd_Road_Class,2nd_Road_Number,Pedestrian_Crossing-Human_Control,Pedestrian_Crossing-Physical_Facilities,Light_Conditions,Weather_Conditions,Road_Surface_Conditions,Special_Conditions_at_Site,Carriageway_Hazards,Urban_or_Rural_Area,Did_Police_Officer_Attend_Scene_of_Accident,LSOA_of_Accident_Location,Accident_Index_y,Vehicle_Reference,Casualty_Reference,Casualty_Class,Sex_of_Casualty,Age_of_Casualty,Age_Band_of_Casualty,Casualty_Severity,Pedestrian_Location,Pedestrian_Movement,Car_Passenger,Bus_or_Coach_Passenger,Pedestrian_Road_Maintenance_Worker,Casualty_Type,Casualty_Home_Area_Type,city
2015-01-15,201501EO40132,529830.0,184990.0,-0.128964,51.548873,1,2,1,2,5,20:15,3,E09000019,3,503,6,30,6,2,3,5200,0,5,7,1,1,0,6,1,1,E01002766,201201CW10153,1,1,3,1,52,8,3,9,5,0,0,2,0,1,London
2015-01-15,2015621500096,264082.0,192179.0,-3.964354,51.611986,62,3,2,1,5,22:26,745,W06000011,3,4067,3,30,3,4,6,0,0,0,4,5,2,0,0,1,1,W01000873,201242I258408,1,2,2,2,25,5,3,0,0,1,0,0,9,1,Swansea
2015-01-15,201534NK00935,486653.0,281095.0,-0.727216,52.420991,34,3,2,1,5,05:32,383,E10000021,3,43,1,70,1,2,3,43,0,0,1,1,1,0,0,1,1,E01027089,2012170H11592,2,1,1,1,50,8,3,0,0,0,0,0,1,1,
2015-01-15,2015621500092,318465.0,178853.0,-3.176086,51.502708,62,3,2,1,5,20:10,741,W06000015,6,0,6,30,3,4,6,0,0,1,4,2,2,0,0,1,1,W01001836,201242I258108,1,1,1,2,75,10,3,0,0,0,0,0,9,2,Cardiff
2015-01-15,201514K016615,442980.0,381443.0,-1.356136,53.328166,14,3,2,1,5,17:30,215,E08000019,5,795,6,40,0,-1,-1,0,0,0,4,5,2,0,0,2,1,E01008024,2012070293427,1,1,1,2,43,7,3,0,0,0,0,0,9,1,Sheffield
2015-01-15,201563DP02115,306540.0,249660.0,-3.366977,52.137304,63,3,2,1,5,07:55,753,W06000023,3,470,6,60,0,-1,-1,0,0,0,1,5,2,0,2,2,1,W01000450,201243N184022,1,2,2,2,73,10,3,0,0,2,0,0,9,1,
2015-01-15,201514B008915,437031.0,408502.0,-1.442277,53.571822,14,3,1,1,5,22:10,210,E08000016,5,778,6,30,0,-1,-1,0,0,0,4,2,2,0,0,1,1,E01007406,2012070171734,1,1,1,1,31,6,3,0,0,0,0,0,9,1,
2015-01-15,2015075013035,346786.0,374842.0,-2.799323,53.267886,7,3,2,1,5,07:30,130,E06000050,1,56,3,70,0,-1,-1,0,0,0,1,1,1,0,0,2,1,E01018308,201204DL12044,2,2,2,2,25,5,3,0,0,1,0,0,9,1,
2015-01-15,201534NC01545,489115.0,289713.0,-0.688724,52.498051,34,3,1,1,5,08:45,381,E10000021,5,194,6,30,0,-1,-1,0,0,1,1,1,2,0,0,1,1,E01026958,2012170H10012,2,1,1,2,16,4,2,0,0,0,0,0,2,1,
2015-01-15,2015075013135,392382.0,375006.0,-2.11569,53.271985,7,3,1,1,5,08:30,129,E06000049,6,0,6,30,3,4,5,465,0,0,1,4,1,0,0,1,2,E01018631,201204DL12045,1,2,2,2,7,2,3,0,0,2,0,0,9,2,
2015-01-15,201537EA87118,638488.0,276956.0,1.499453,52.338796,37,3,2,1,5,16:30,416,E10000029,3,144,6,30,0,-1,-1,0,0,0,1,4,1,0,0,2,1,E01030245,201220N027262,1,2,2,1,26,6,3,0,0,1,0,0,9,1,East Suffolk
2015-01-15,2015075013280,375055.0,378357.0,-2.375765,53.30157,7,3,2,1,5,12:26,129,E06000049,4,5083,2,30,3,4,6,0,0,0,1,1,1,0,0,1,1,E01018606,201204DL12046,1,1,1,1,59,9,3,0,0,0,0,0,9,-1,
2015-01-15,2015075013406,383965.0,379097.0,-2.242108,53.308568,7,3,3,2,5,14:30,129,E06000049,3,34,6,60,0,-1,-1,0,0,0,1,2,2,0,0,2,1,E01018572,201204DL12046,1,3,2,2,47,8,3,0,0,1,0,0,9,1,
2015-01-15,201511NG01245,426075.0,550568.0,-1.595436,54.849242,11,3,2,2,5,11:05,169,E06000047,5,91,1,30,1,4,6,0,0,0,1,4,1,0,0,1,1,E01020605,201205EE05331,1,1,2,2,17,4,3,0,0,1,0,0,9,1,
2015-01-15,201511NF01815,442717.0,549480.0,-1.336431,54.838326,11,3,1,1,5,11:38,169,E06000047,6,0,6,30,6,2,6,0,0,5,1,1,1,0,0,1,1,E01020784,201205EE05028,1,1,1,1,33,6,3,0,0,0,0,0,9,1,
2015-01-15,2015075013595,377296.0,353848.0,-2.340389,53.081367,7,3,5,1,5,17:17,129,E06000049,1,6,3,70,0,-1,-1,0,0,0,6,1,2,0,0,2,1,E01018465,201204DL12046,2,4,2,2,5,1,3,0,0,1,0,0,9,1,
2015-01-15,201501TX20030,510910.0,173220.0,-0.405404,51.447117,1,3,1,1,5,13:30,25,E09000018,4,3377,6,30,3,4,6,0,0,1,1,1,1,0,0,1,1,E01002612,201201RG40210,1,1,1,2,34,6,3,0,0,0,0,0,9,1,London
2015-01-15,201501TX20034,511580.0,175990.0,-0.394894,51.471882,1,3,2,1,5,16:00,25,E09000018,6,0,6,30,3,4,6,0,0,0,1,1,2,0,0,1,1,E01002587,201201RG40213,1,1,3,1,48,8,3,6,9,0,0,2,0,1,London
2015-01-15,201560S006764,224709.0,382178.0,-4.632354,53.307455,60,3,3,1,5,13:15,720,W06000001,3,5154,6,30,8,4,6,0,0,5,1,1,1,0,0,1,1,W01000016,201242I095604,1,1,1,1,23,5,3,0,0,0,0,0,9,1,
2015-01-15,2015405BA0041,504538.0,246517.0,-0.475014,52.107114,40,3,2,1,5,08:40,420,E06000055,3,6,3,70,1,4,3,421,0,0,1,1,1,0,0,2,1,E01017550,201220T032962,1,3,2,1,16,4,3,0,0,2,0,0,9,1,
2015-01-15,2015075013083,376749.0,366881.0,-2.349505,53.198494,7,3,3,2,5,08:30,129,E06000049,3,54,6,30,8,4,6,0,0,0,1,1,2,0,0,2,1,E01018415,201204DL12045,1,1,2,2,37,7,3,0,0,1,0,0,9,2,
2015-01-15,2015160C00191,492973.0,429758.0,-0.591353,53.755899,16,3,2,1,5,10:35,231,E06000011,6,0,6,60,0,-1,-1,0,0,0,1,1,1,0,0,2,1,E01012969,2012100171412,2,2,1,2,24,5,3,0,0,0,0,0,9,1,
2015-01-15,201563AC00315,262040.0,219500.0,-4.004664,51.856985,63,2,5,2,5,17:21,751,W06000010,3,483,6,60,0,-1,-1,0,0,0,6,2,2,0,0,2,1,W01000676,201243N027122,2,1,1,1,34,6,3,0,0,0,0,0,9,1,
2015-01-15,201501FH10018,525900.0,177090.0,-0.188431,51.478766,1,3,2,1,5,07:55,11,E09000013,3,308,6,30,6,4,6,0,0,1,1,1,1,0,0,1,1,E01001921,201201CW10979,2,1,1,1,50,8,3,0,0,0,0,0,5,1,London
2015-01-15,2015160D02101,509009.0,429832.0,-0.348211,53.753461,16,3,2,1,5,12:05,228,E06000010,3,1079,6,30,3,4,6,0,0,0,1,4,1,0,0,1,2,E01012851,2012100329112,2,1,1,1,27,6,3,0,0,0,0,0,3,-1,Hull
2015-01-15,2015120008144,438106.0,449497.0,-1.421002,53.94019,12,3,2,1,5,13:00,182,E10000023,3,661,6,60,0,-1,-1,0,0,0,1,1,1,0,0,2,1,E01027725,201205FF05282,6,2,1,2,23,5,3,0,0,0,0,0,9,1,Leeds
2015-01-15,2015120008359,460991.0,431931.0,-1.075909,53.780145,12,3,1,1,5,17:05,187,E10000023,3,19,1,30,2,4,6,1151,0,0,4,1,2,0,0,1,2,E01027911,201205FF05296,2,1,1,1,39,7,3,0,0,0,0,0,1,1,Selby
2015-01-15,2015051500147,330792.0,391843.0,-3.042813,53.418828,5,2,1,1,5,13:20,95,E08000015,3,551,2,30,0,-1,-1,0,0,0,1,1,2,0,0,1,1,E01007214,201201ZD30707,4,3,2,1,6,2,3,0,0,2,0,0,9,-1,
2015-01-15,2015051500148,339437.0,385126.0,-2.911463,53.359525,5,3,1,1,5,17:05,91,E08000012,6,0,6,30,3,4,6,0,0,0,6,5,2,0,0,1,1,E01006688,201201ZD30707,4,4,2,1,3,1,3,0,0,2,0,0,9,-1,Liverpool
2015-01-15,2015120008361,462152.0,452274.0,-1.054179,53.962823,12,3,2,2,5,18:35,189,E06000014,5,408,6,30,6,3,6,7610,0,0,4,2,2,0,0,1,1,E01013384,201205FF05303,1,1,3,1,47,8,2,6,9,0,0,0,0,1,York
2015-01-15,2015540495915,415576.0,185650.0,-1.776662,51.569509,54,3,2,1,5,18:00,633,E06000030,6,0,6,30,6,4,5,416,0,0,4,2,2,0,0,1,1,E01015510,20124100D0587,1,1,3,2,14,3,2,1,1,0,0,0,0,1,
2015-01-15,2015120008371,461279.0,483820.0,-1.061102,54.246408,12,3,1,1,5,19:55,185,E10000023,3,170,6,30,0,-1,-1,0,0,4,4,5,2,0,0,2,1,E01027780,201205FF05308,2,1,1,1,59,9,3,0,0,0,0,0,9,1,Ryedale
2015-01-15,2015120008418,447807.0,432993.0,-1.275799,53.791064,12,3,1,2,5,22:20,187,E10000023,4,1222,6,60,0,-1,-1,0,0,0,6,4,1,0,0,2,1,E01027898,201205FF05308,2,2,2,2,14,3,3,0,0,1,0,0,9,-1,Selby
2015-01-15,20154100C0080,510280.0,196130.0,-0.407291,51.653153,41,3,2,1,5,09:24,437,E10000015,5,74,6,30,3,4,6,424,0,0,1,1,1,0,0,1,1,E01023899,2012212000756,1,1,3,1,10,2,3,9,5,0,0,0,0,-1,Watford
2015-01-15,2015520500855,320896.0,124272.0,-3.128982,51.012367,52,3,2,1,5,20:45,608,E10000027,3,38,6,30,0,-1,-1,0,0,0,4,1,2,0,0,1,1,E01029257,2012370464312,2,1,1,1,20,4,3,0,0,0,0,0,1,-1,Somerset West and Taunton
2015-01-15,2015540472215,413854.0,185821.0,-1.801501,51.571091,54,3,2,1,5,07:50,633,E06000030,4,4006,6,30,3,4,6,0,0,4,4,1,2,4,0,1,2,E01015578,20124100D0572,1,1,1,1,21,5,3,0,0,0,0,0,3,-1,
2015-01-15,2015521500334,358326.0,171503.0,-2.60098,51.440977,52,3,2,1,5,18:10,601,E06000023,4,3120,6,20,0,-1,-1,0,0,5,7,1,2,0,0,1,2,E01033362,2012400BA0938,1,3,2,1,18,4,3,0,0,2,0,0,9,-1,Bristol
2015-01-15,2015360087256,594535.0,287627.0,0.86141,52.451949,36,2,1,1,5,21:31,400,E10000020,3,11,3,70,0,-1,-1,0,0,0,6,4,2,0,0,2,1,E01026440,201220K007542,2,2,2,2,80,11,3,0,0,1,0,0,9,1,Breckland
2015-01-15,2015350003415,519230.0,300990.0,-0.241268,52.593638,35,2,2,2,5,11:55,394,E06000031,5,58,6,30,3,4,6,0,0,0,1,1,1,0,0,1,1,E01015651,2012170S30292,2,3,2,2,76,11,3,0,0,1,0,0,9,1,Peterborough
2015-01-15,2015100197915,421534.0,567548.0,-1.664891,55.002041,10,2,2,1,5,17:23,147,E08000021,3,191,3,30,0,-1,-1,0,0,4,4,1,1,0,0,1,2,E01008295,201205AA06541,2,3,2,1,22,5,3,0,0,1,0,0,9,1,Newcastle upon Tyne
2015-01-15,2015520500854,353050.0,116287.0,-2.669646,50.944099,52,3,3,1,5,16:35,610,E10000027,6,0,1,30,1,4,6,0,0,0,4,2,2,0,0,1,1,E01029245,2012370464212,2,1,1,2,48,8,3,0,0,0,0,0,9,1,South Somerset
2015-01-15,2015360087211,604699.0,295380.0,1.015527,52.517841,36,2,1,1,5,07:13,400,E10000020,4,1077,6,20,9,4,4,1077,0,8,4,1,1,0,0,1,1,E01026449,201220K007412,1,1,3,1,52,8,3,6,9,0,0,0,0,1,Breckland
2015-01-15,2015360087209,621865.0,311314.0,1.278762,52.65414,36,3,1,1,5,15:58,404,E10000020,3,1402,6,30,3,4,6,0,0,0,1,1,1,0,0,1,1,E01026832,201220K007392,1,1,3,1,23,5,3,1,2,0,0,0,0,1,Norwich
2015-01-15,2015540502615,402359.0,184959.0,-1.967363,51.563504,54,2,2,1,5,17:15,635,E06000054,4,4042,6,40,0,-1,-1,0,0,0,4,4,2,0,0,2,1,E01031893,20124100D0593,2,1,1,1,43,7,3,0,0,0,0,0,1,2,
2015-01-15,201514B004915,426904.0,409593.0,-1.595103,53.582243,14,3,1,1,5,16:58,210,E08000016,6,0,6,60,0,-1,-1,0,0,0,4,5,2,0,0,2,1,E01007418,2012070170879,2,1,1,2,37,7,2,0,0,0,0,0,9,2,
2015-01-15,201534WS00945,457683.0,233408.0,-1.161259,51.99613,34,3,2,1,5,12:49,385,E10000021,3,43,1,60,1,4,3,43,0,0,1,2,2,0,0,2,1,E01027290,2012170S12492,3,5,2,1,14,3,3,0,0,2,0,0,9,-1,Cherwell
2015-01-15,2015350000715,567220.0,268940.0,0.450556,52.293142,35,3,1,1,5,10:10,391,E10000003,4,1085,6,60,3,4,5,149,0,0,1,1,2,5,0,2,1,E01018035,2012170S22582,1,1,1,2,37,7,3,0,0,0,0,0,9,1,East Cambridgeshire
2015-01-15,2015521500657,360788.0,183305.0,-2.566875,51.547266,52,3,6,5,5,07:58,612,E06000025,1,5,3,70,5,2,3,38,0,0,1,1,2,0,0,1,1,E01014879,2012400CA0086,1,2,2,1,25,5,3,0,0,1,0,0,9,-1,
2015-01-15,20154100B0028,523130.0,216240.0,-0.214525,51.831212,41,3,1,1,5,17:50,438,E10000015,6,1633,6,30,3,4,6,175,0,0,4,9,1,0,0,1,2,E01023969,2012212000269,1,1,2,2,20,4,3,0,0,1,0,0,9,1,Welwyn Hatfield
2015-01-15,2015521500650,365417.0,170625.0,-2.498876,51.433562,52,3,2,1,5,17:50,612,E06000025,6,0,6,30,3,4,6,0,0,0,4,1,2,0,0,1,1,E01014934,2012400CA0086,1,1,2,1,31,6,3,0,0,2,0,0,9,-1,
2015-01-15,2015350001715,519160.0,261530.0,-0.256345,52.239071,35,3,2,2,5,15:27,393,E10000003,4,1043,1,40,1,4,6,0,0,0,1,9,2,0,0,2,2,E01018189,2012170S23042,1,1,1,1,40,7,3,0,0,0,0,0,9,1,
2015-01-15,2015521500681,360232.0,171660.0,-2.573577,51.442527,52,3,2,1,5,08:54,601,E06000023,3,4,6,30,3,2,6,0,0,5,1,1,2,0,0,1,1,E01014730,2012400CA0102,2,2,2,1,29,6,3,0,0,1,0,0,9,1,Bristol
2015-01-15,2015051500134,335785.0,416233.0,-2.972709,53.638655,5,3,1,1,5,08:30,93,E08000014,4,5276,6,30,0,-1,-1,0,0,4,1,4,2,0,0,1,1,E01007060,201201ZD30701,1,1,1,1,19,4,3,0,0,0,0,0,3,1,
2015-01-15,2015350001215,519050.0,260310.0,-0.258384,52.228132,35,3,1,1,5,18:15,393,E10000003,4,1428,6,30,3,4,6,0,0,0,4,8,2,0,0,1,1,E01018183,2012170S22842,2,1,1,2,46,8,3,0,0,0,0,0,9,-1,Huntingdonshire
2015-01-15,2015521500578,359005.0,174163.0,-2.591521,51.464943,52,3,3,3,5,08:55,601,E06000023,6,0,6,20,0,-1,-1,0,0,0,1,1,3,0,0,1,1,E01033367,2012400CA0072,2,1,2,1,17,4,3,0,0,0,4,0,11,1,Bristol
2015-01-15,2015350010215,539700.0,262970.0,0.044862,52.247185,35,3,2,2,5,09:40,395,E10000003,3,14,3,70,0,-1,-1,0,0,0,1,1,2,0,0,2,1,E01018237,2012170S40702,2,2,2,2,31,6,3,0,0,1,0,0,19,1,South Cambridgeshire
2015-01-15,2015360087474,626338.0,309371.0,1.343441,52.634856,36,3,2,1,5,13:30,401,E10000020,3,1042,6,30,6,2,5,256,0,4,1,1,1,0,0,1,1,E01026573,201220K008382,1,1,1,1,10,2,2,0,0,0,0,0,1,1,Norwich
2015-01-15,2015051500137,338853.0,396035.0,-2.922356,53.457501,5,3,2,1,5,16:58,91,E08000012,6,0,6,40,0,-1,-1,0,0,0,1,4,1,0,0,1,1,E01006660,201201ZD30703,1,1,1,2,28,6,3,0,0,0,0,0,9,1,Liverpool
2015-01-15,2015331500064,454556.0,287838.0,-1.19803,52.485742,33,3,4,2,5,10:30,363,E10000018,3,426,6,60,6,4,5,6701,0,0,1,4,1,0,0,2,1,E01025816,2012160C00181,2,1,2,2,69,10,3,0,0,2,0,0,9,1,Harborough
2015-01-15,2015051500138,335092.0,417645.0,-2.983484,53.651259,5,3,2,1,5,11:55,93,E08000014,6,0,6,30,3,4,3,5267,0,0,1,1,1,0,0,1,1,E01006951,201201ZD30704,1,2,1,2,-1,-1,3,0,0,0,0,0,1,-1,
2015-01-15,2015051500140,339683.0,391219.0,-2.908934,53.414313,5,2,1,1,5,19:35,91,E08000012,3,57,3,30,0,-1,-1,0,0,5,4,1,2,0,0,1,1,E01006573,201201ZD30704,2,1,1,1,67,10,2,0,0,0,0,0,5,1,Liverpool
2015-01-15,2015350000815,519220.0,300160.0,-0.241714,52.586182,35,3,2,1,5,08:00,394,E06000031,5,58,6,30,3,4,6,0,0,1,1,1,1,0,0,1,1,E01015654,2012170S22632,2,1,1,2,38,7,3,0,0,0,0,0,9,1,Peterborough
2015-01-15,201514B004415,440945.0,402442.0,-1.383967,53.517066,14,3,1,2,5,18:30,210,E08000016,3,633,6,40,1,4,4,6089,0,8,4,5,2,0,0,2,1,E01032925,2012070170770,2,1,1,1,13,3,3,0,0,0,0,0,1,1,
2015-01-15,2015051500142,329705.0,389998.0,-3.058754,53.402103,5,3,2,1,5,18:20,95,E08000015,6,0,6,30,3,2,6,0,0,5,4,4,1,0,0,1,1,E01007122,201201ZD30705,1,1,1,1,19,4,3,0,0,0,0,0,9,1,
2015-01-15,2015540503915,399470.0,156473.0,-2.008988,51.307374,54,2,2,1,5,21:30,635,E06000054,3,360,6,50,0,-1,-1,0,0,0,6,1,2,0,0,2,2,E01031858,20124100D0594,2,1,1,2,35,6,3,0,0,0,0,0,1,1,
2015-01-15,201501RG40143,541110.0,174320.0,0.029348,51.450289,1,3,2,1,5,18:00,6,E09000011,3,20,1,30,1,4,3,205,0,0,1,1,1,0,0,1,1,E01001660,201201PL60613,1,1,1,1,34,6,3,0,0,0,0,0,8,1,London
2015-01-15,2015360088185,623151.0,309939.0,1.296812,52.641272,36,3,2,1,5,16:10,404,E10000020,3,1151,6,30,6,2,4,1150,0,0,1,1,1,0,0,1,2,E01026846,201220K011672,1,1,2,2,20,4,3,0,0,2,0,0,8,1,Norwich
2015-01-15,2015360087205,574897.0,311653.0,0.585409,52.674354,36,2,1,1,5,19:20,400,E10000020,5,45,6,60,0,-1,-1,0,0,0,6,4,1,0,0,2,1,E01026445,201220K007382,2,1,1,2,31,6,3,0,0,0,0,0,9,1,Breckland
2015-01-15,20154100B0030,524660.0,205650.0,-0.196133,51.735705,41,3,2,2,5,15:40,438,E10000015,3,1000,6,60,3,4,5,56,0,0,1,4,1,0,0,2,1,E01023964,2012212000269,1,2,1,1,20,4,3,0,0,0,0,0,9,1,Welwyn Hatfield
2015-01-15,2015360087203,620009.0,308494.0,1.249492,52.629585,36,3,2,1,5,13:45,404,E10000020,6,0,6,30,3,4,6,0,0,0,1,4,1,0,0,1,1,E01026868,201220K007342,2,1,1,1,25,5,3,0,0,0,0,0,19,1,Norwich
2015-01-15,201514C007215,444318.0,393894.0,-1.334305,53.439965,14,3,2,1,5,12:15,213,E08000018,6,0,6,30,8,4,6,0,0,0,1,1,1,0,0,1,1,E01007736,2012070223272,2,1,1,2,25,5,3,0,0,0,0,0,1,1,Rotherham
2015-01-15,2015360087167,619723.0,292728.0,1.234839,52.488194,36,2,1,1,5,15:05,406,E10000020,3,140,6,30,3,4,5,345,0,0,1,4,1,0,0,2,1,E01026938,201220K006902,1,1,3,2,16,4,2,1,1,0,0,0,0,1,South Norfolk
2015-01-15,201542I023501,546198.0,202271.0,0.114141,51.700146,42,3,1,1,5,10:40,456,E10000012,6,0,6,30,3,4,6,0,0,0,1,1,2,0,0,1,1,E01021757,2012212005594,1,1,1,1,27,6,3,0,0,0,0,0,9,3,Epping Forest
2015-01-15,201543P201015,437763.0,209583.0,-1.453976,51.783641,43,3,2,1,5,20:06,485,E10000025,3,40,6,60,3,4,4,4022,0,0,6,1,2,0,0,2,1,E01028787,2012231107412,1,1,1,1,19,4,3,0,0,0,0,0,9,2,West Oxfordshire
2015-01-15,201501CW10065,528660.0,181950.0,-0.146939,51.521821,1,3,2,1,5,07:45,1,E09000033,5,0,6,30,0,-1,-1,0,0,0,1,1,1,0,0,1,2,E01004713,201197QD02206,2,1,1,1,35,6,3,0,0,0,0,0,9,1,City of Westminster
2015-01-15,201501CW10021,526780.0,179810.0,-0.17479,51.503014,1,2,1,1,5,15:09,1,E09000033,6,0,6,30,0,-1,-1,0,0,0,1,1,1,0,0,1,1,E01004689,201197QD01207,1,1,1,2,61,9,3,0,0,0,0,0,9,1,City of Westminster
2015-01-15,201501BS70010,526890.0,178940.0,-0.173519,51.495171,1,3,2,1,5,09:09,12,E09000020,3,3218,6,30,6,2,3,3218,0,5,1,8,2,0,0,1,1,E01002821,201197ND01108,1,1,1,1,35,6,3,0,0,0,0,0,21,1,London
2015-01-15,201501CW10020,527690.0,180950.0,-0.161274,51.513054,1,3,2,1,5,11:00,1,E09000033,3,40,2,30,1,2,3,40,0,5,1,1,2,0,0,1,1,E01004689,201197QD01206,2,2,1,2,33,6,3,0,0,0,0,0,9,1,City of Westminster
2015-01-15,201501BS70009,525480.0,179530.0,-0.19361,51.500788,1,3,2,1,5,09:56,12,E09000020,3,315,6,30,3,4,5,0,0,4,1,1,2,0,0,1,1,E01002816,201197ND01102,2,1,1,2,59,9,3,0,0,0,0,0,9,3,London
2015-01-15,201501CW10019,528250.0,182190.0,-0.152758,51.524071,1,3,1,1,5,13:58,1,E09000033,6,0,6,30,6,2,6,0,0,5,1,1,1,0,0,1,1,E01004716,201197QD01206,2,1,2,2,58,9,3,0,0,2,0,0,9,1,City of Westminster
2015-01-15,201501WW50057,526620.0,175770.0,-0.178542,51.466743,1,3,3,2,5,09:40,10,E09000032,3,3205,6,30,3,2,5,0,0,5,1,1,2,0,0,1,1,E01033133,201201SX20706,1,1,1,2,34,6,3,0,0,0,0,0,9,1,London
2015-01-15,2015520500685,333569.0,115790.0,-2.946808,50.937711,52,3,4,1,5,16:15,610,E10000027,3,358,6,60,0,-1,-1,0,0,0,1,1,1,0,0,2,1,E01029209,2012370463712,2,1,1,2,27,6,3,0,0,0,0,0,9,1,South Somerset
2015-01-15,201501EK40017,531550.0,181660.0,-0.105416,51.51855,1,3,1,1,5,08:30,2,E09000007,3,201,6,30,6,2,4,500,0,5,1,1,1,0,0,1,1,E01000916,201201BS70275,1,1,3,1,-1,-1,2,1,1,0,0,2,0,1,
2015-01-15,201501EK40015,529220.0,182480.0,-0.138677,51.526457,1,3,2,4,5,14:02,2,E09000007,3,400,6,30,6,2,3,400,0,5,1,1,1,0,0,1,1,E01000946,201201BS70274,1,1,1,1,20,4,3,0,0,0,0,0,3,1,London
2015-01-15,201501EK40012,529210.0,182560.0,-0.138792,51.527178,1,3,2,1,5,13:53,2,E09000007,3,400,6,30,3,4,6,0,0,0,1,1,1,0,0,1,1,E01000945,201201BS70273,1,1,1,1,30,6,2,0,0,0,0,0,3,1,London
2015-01-15,201501WW50060,527370.0,175450.0,-0.167865,51.463699,1,3,2,1,5,06:51,10,E09000032,3,3036,6,30,6,2,5,0,0,5,4,2,2,0,0,1,1,E01004551,201201SX20709,2,1,1,2,31,6,2,0,0,0,0,0,1,1,London
2015-01-15,2015160C00231,473561.0,424719.0,-0.886903,53.713714,16,3,1,1,5,08:20,231,E06000011,6,0,6,20,3,4,6,0,1,0,1,1,1,0,0,1,2,E01012993,2012100172912,2,1,1,1,23,5,3,0,0,0,0,0,9,1,
2015-01-15,201543P122015,455091.0,219034.0,-1.201304,51.867172,43,3,2,2,5,14:35,481,E10000025,3,34,3,70,0,-1,-1,0,0,0,1,1,1,4,0,2,1,E01028424,2012230047212,1,2,2,1,42,7,3,0,0,1,0,0,19,1,Cherwell
2015-01-15,201514A006915,448343.0,405335.0,-1.27196,53.54244,14,3,2,2,5,06:50,211,E08000017,3,635,6,30,6,4,6,0,0,0,4,1,1,0,0,2,1,E01007586,2012070097514,1,1,1,1,18,4,3,0,0,0,0,0,3,1,Doncaster
2015-01-15,201543P114015,455523.0,207972.0,-1.196801,51.767681,43,3,2,1,5,18:20,482,E10000025,6,320,6,20,3,4,6,0,0,0,4,2,2,0,0,1,2,E01028513,201222G300061,2,1,1,2,23,5,3,0,0,0,0,0,9,1,Oxford
2015-01-15,201542I033801,572010.0,207094.0,0.489679,51.736159,42,3,2,1,5,14:29,454,E10000012,6,0,6,30,0,-1,-1,0,0,0,1,1,2,0,0,1,1,E01021628,2012212005780,2,2,1,2,49,8,3,0,0,0,0,0,9,1,Chelmsford
2015-01-15,201514C004215,443961.0,400397.0,-1.338772,53.498443,14,3,2,2,5,08:30,213,E08000018,6,0,6,30,0,-1,-1,0,0,0,1,1,1,0,0,1,1,E01007821,2012070222792,1,1,1,1,20,4,3,0,0,0,0,0,9,1,Rotherham
2015-01-15,201501WW50115,526210.0,174770.0,-0.184797,51.457847,1,3,1,1,5,17:50,10,E09000032,3,3036,6,30,3,4,3,3,0,0,4,1,1,0,0,1,1,E01004510,201201SX20755,2,1,1,1,43,7,3,0,0,0,0,0,5,1,London
2015-01-15,201514A006215,460186.0,404122.0,-1.0935,53.530318,14,3,1,1,5,15:20,211,E08000017,6,0,6,20,0,-1,-1,0,0,8,1,1,2,0,0,1,1,E01007566,2012070097310,2,7,2,1,8,2,3,0,0,2,0,0,9,1,Doncaster
2015-01-15,201514A006015,460436.0,400865.0,-1.090356,53.501018,14,2,1,1,5,17:20,211,E08000017,6,0,6,30,3,4,6,0,0,0,4,1,2,0,0,1,1,E01007520,2012070097310,2,6,2,1,10,2,3,0,0,2,0,0,9,1,Doncaster
2015-01-15,2015051500160,330793.0,391108.0,-3.042636,53.412223,5,3,1,1,5,16:00,95,E08000015,6,0,6,30,0,-1,-1,0,0,0,4,4,2,0,0,1,1,E01007276,201201ZD30722,2,1,2,2,45,7,3,0,0,0,0,0,5,1,
2015-01-15,20154100C0044,511820.0,196780.0,-0.384832,51.658691,41,3,4,2,5,13:59,33,E10000015,3,4008,3,40,0,-1,-1,0,0,0,1,1,1,0,0,2,1,E01023554,2012212000740,2,1,1,2,22,5,3,0,0,0,0,0,9,1,Watford